DateTime;Potencia instantaneaToma 1 (kW);Potencia instantanea Toma 2 (kW)
20/1/1970 21:43;;
20/1/1970 21:43;;
20/1/1970 21:43;;
20/1/1970 21:43;;
20/1/1970 21:43;;
20/1/1970 21:43;;
20/1/1970 21:43;;
20/1/1970 21:43;;
20/1/1970 21:43;;
20/1/1970 21:43;;
20/1/1970 21:43;;
20/1/1970 21:43;;
20/1/1970 21:43;;
20/1/1970 21:43;;
20/1/1970 21:43;;
20/1/1970 21:43;;
20/1/1970 21:43;;
20/1/1970 21:43;;
20/1/1970 21:43;;
20/1/1970 21:43;;
20/1/1970 21:43;;
20/1/1970 21:43;;
20/1/1970 21:43;;
20/1/1970 21:43;;
20/1/1970 21:43;;
20/1/1970 21:43;;
20/1/1970 21:43;;
20/1/1970 21:43;;
20/1/1970 21:43;;
20/1/1970 21:43;;
20/1/1970 21:43;;
20/1/1970 21:43;;
20/1/1970 21:43;;
20/1/1970 21:43;;
20/1/1970 21:43;;
20/1/1970 21:43;;
20/1/1970 21:43;;
20/1/1970 21:43;;
20/1/1970 21:43;;
20/1/1970 21:43;;
20/1/1970 21:43;;
20/1/1970 21:43;;
20/1/1970 21:43;;
20/1/1970 21:43;;
20/1/1970 21:43;;
20/1/1970 21:43;;
20/1/1970 21:43;;
20/1/1970 21:43;;
20/1/1970 21:43;;
20/1/1970 21:43;;
20/1/1970 21:43;;
20/1/1970 21:43;;
20/1/1970 21:43;;
20/1/1970 21:43;;
20/1/1970 21:43;;
20/1/1970 21:43;;
20/1/1970 21:43;;
20/1/1970 21:43;;
20/1/1970 21:43;;
20/1/1970 21:43;;
20/1/1970 21:43;;
20/1/1970 21:43;;
20/1/1970 21:43;;
20/1/1970 21:43;;
20/1/1970 21:43;;
20/1/1970 21:43;;
20/1/1970 21:43;;
20/1/1970 21:43;;
20/1/1970 21:43;;
20/1/1970 21:43;;
20/1/1970 21:43;;
20/1/1970 21:43;;
20/1/1970 21:43;;
20/1/1970 21:43;;
20/1/1970 21:43;;
20/1/1970 21:43;;
20/1/1970 21:43;;
20/1/1970 21:43;;
20/1/1970 21:43;;
20/1/1970 21:43;;
20/1/1970 21:43;;
20/1/1970 21:43;;
20/1/1970 21:43;;
20/1/1970 21:43;;
20/1/1970 21:43;;
20/1/1970 21:43;;
20/1/1970 21:43;;
20/1/1970 21:43;;
20/1/1970 21:43;;
20/1/1970 21:43;;
20/1/1970 21:43;;
20/1/1970 21:43;;
20/1/1970 21:43;;
20/1/1970 21:43;;
20/1/1970 21:43;;
20/1/1970 21:43;;
20/1/1970 21:43;;
20/1/1970 21:43;;
20/1/1970 21:43;;
20/1/1970 21:43;;
20/1/1970 21:43;;
20/1/1970 21:43;;
20/1/1970 21:43;;
20/1/1970 21:43;;
20/1/1970 21:43;;
20/1/1970 21:43;;
20/1/1970 21:43;;
20/1/1970 21:43;;
20/1/1970 21:43;;
20/1/1970 21:43;;
20/1/1970 21:43;;
20/1/1970 21:43;;
20/1/1970 21:43;;
20/1/1970 21:43;;
20/1/1970 21:43;;
20/1/1970 21:43;;
20/1/1970 21:43;;
20/1/1970 21:43;;
20/1/1970 21:43;;
20/1/1970 21:43;;
20/1/1970 21:43;;
20/1/1970 21:43;;
20/1/1970 21:43;;
20/1/1970 21:43;;
20/1/1970 21:43;;
20/1/1970 21:43;;
20/1/1970 21:43;;
20/1/1970 21:43;;
20/1/1970 21:43;;
20/1/1970 21:43;;
20/1/1970 21:43;;
20/1/1970 21:43;;
20/1/1970 21:43;;
20/1/1970 21:43;;
20/1/1970 21:43;;
20/1/1970 21:43;;
20/1/1970 21:43;;
20/1/1970 21:43;;
20/1/1970 21:43;;
20/1/1970 21:43;;
20/1/1970 21:43;;
20/1/1970 21:43;;
20/1/1970 21:43;;
20/1/1970 21:43;;
20/1/1970 21:43;;
20/1/1970 21:43;;
20/1/1970 21:43;;
20/1/1970 21:43;;
20/1/1970 21:43;;
20/1/1970 21:43;;
20/1/1970 21:43;;
20/1/1970 21:43;;
20/1/1970 21:43;;
20/1/1970 21:43;;
20/1/1970 21:43;;
20/1/1970 21:43;;
20/1/1970 21:43;;
20/1/1970 21:43;;
20/1/1970 21:43;;
20/1/1970 21:43;;
20/1/1970 21:43;;
20/1/1970 21:43;;
20/1/1970 21:43;;
20/1/1970 21:43;;
20/1/1970 21:43;;
20/1/1970 21:43;;
20/1/1970 21:43;;
20/1/1970 21:43;;
20/1/1970 21:43;;
20/1/1970 21:43;;
20/1/1970 21:43;;
20/1/1970 21:43;;
20/1/1970 21:43;;
20/1/1970 21:43;;
20/1/1970 21:43;;
20/1/1970 21:43;;
20/1/1970 21:43;;
20/1/1970 21:43;;
20/1/1970 21:43;;
20/1/1970 21:43;;
20/1/1970 21:43;;
20/1/1970 21:43;;
20/1/1970 21:43;;
20/1/1970 21:43;;
20/1/1970 21:43;;
20/1/1970 21:43;;
20/1/1970 21:43;;
20/1/1970 21:43;;
20/1/1970 21:43;;
20/1/1970 21:43;;
20/1/1970 21:43;;
20/1/1970 21:43;;
20/1/1970 21:43;;
20/1/1970 21:43;;
20/1/1970 21:43;;
20/1/1970 21:43;;
20/1/1970 21:43;;
20/1/1970 21:43;;
20/1/1970 21:43;;
20/1/1970 21:43;;
20/1/1970 21:43;;
20/1/1970 21:43;;
20/1/1970 21:43;;
20/1/1970 21:43;;
20/1/1970 21:43;;
20/1/1970 21:43;;
20/1/1970 21:43;;
20/1/1970 21:43;;
20/1/1970 21:43;;
20/1/1970 21:43;;
20/1/1970 21:43;;
20/1/1970 21:43;;
20/1/1970 21:43;;
20/1/1970 21:43;;
20/1/1970 21:43;;
20/1/1970 21:43;;
20/1/1970 21:43;;
20/1/1970 21:43;;
20/1/1970 21:43;;
20/1/1970 21:43;;
20/1/1970 21:43;;
20/1/1970 21:43;;
20/1/1970 21:43;;
20/1/1970 21:43;;
20/1/1970 21:43;;
20/1/1970 21:43;;
20/1/1970 21:43;;
20/1/1970 21:43;;
20/1/1970 21:43;;
20/1/1970 21:43;;
20/1/1970 21:43;;
20/1/1970 21:43;;
20/1/1970 21:43;;
20/1/1970 21:43;;
20/1/1970 21:43;;
20/1/1970 21:43;;
20/1/1970 21:43;;
20/1/1970 21:43;;
20/1/1970 21:43;;
20/1/1970 21:43;;
20/1/1970 21:43;;
20/1/1970 21:43;;
20/1/1970 21:43;;
20/1/1970 21:43;;
20/1/1970 21:43;;
20/1/1970 21:43;;
20/1/1970 21:43;;
20/1/1970 21:43;;
20/1/1970 21:43;;
20/1/1970 21:43;;
20/1/1970 21:43;;
20/1/1970 21:43;;
20/1/1970 21:43;;
20/1/1970 21:43;;
20/1/1970 21:43;;
20/1/1970 21:43;;
20/1/1970 21:43;;
20/1/1970 21:43;;
20/1/1970 21:43;;
20/1/1970 21:43;;
20/1/1970 21:43;;
20/1/1970 21:43;;
20/1/1970 21:43;;
20/1/1970 21:43;;
20/1/1970 21:43;;
20/1/1970 21:43;;
20/1/1970 21:43;;
20/1/1970 21:43;;
20/1/1970 21:43;;
20/1/1970 21:43;;
20/1/1970 21:43;;
20/1/1970 21:43;;
20/1/1970 21:43;;
20/1/1970 21:43;;
20/1/1970 21:43;;
20/1/1970 21:43;;
20/1/1970 21:43;;
20/1/1970 21:43;;
20/1/1970 21:43;;
20/1/1970 21:43;;
20/1/1970 21:43;;
20/1/1970 21:43;;
20/1/1970 21:43;;
20/1/1970 21:43;;
20/1/1970 21:43;;
20/1/1970 21:43;;
20/1/1970 21:43;;
20/1/1970 21:43;;
20/1/1970 21:43;;
20/1/1970 21:43;;
20/1/1970 21:43;;
20/1/1970 21:43;;
20/1/1970 21:43;;
20/1/1970 21:43;;
20/1/1970 21:43;;
20/1/1970 21:43;;
20/1/1970 21:43;;
20/1/1970 21:43;;
20/1/1970 21:43;;
20/1/1970 21:43;;
20/1/1970 21:43;;
20/1/1970 21:43;;
20/1/1970 21:43;;
20/1/1970 21:43;;
20/1/1970 21:43;;
20/1/1970 21:43;;
20/1/1970 21:43;;
20/1/1970 21:43;;
20/1/1970 21:43;;
20/1/1970 21:43;;
20/1/1970 21:43;;
20/1/1970 21:43;;
20/1/1970 21:43;;
20/1/1970 21:43;;
20/1/1970 21:43;;
20/1/1970 21:43;;
20/1/1970 21:43;;
20/1/1970 21:43;;
20/1/1970 21:43;;
20/1/1970 21:43;;
20/1/1970 21:43;;
20/1/1970 21:43;;
20/1/1970 21:43;;
20/1/1970 21:43;;
20/1/1970 21:43;;
20/1/1970 21:43;;
20/1/1970 21:43;;
20/1/1970 21:43;;
20/1/1970 21:43;;
20/1/1970 21:43;;
20/1/1970 21:43;;
20/1/1970 21:43;;
20/1/1970 21:43;;
20/1/1970 21:43;;
20/1/1970 21:43;;
20/1/1970 21:43;;
20/1/1970 21:43;;
20/1/1970 21:43;;
20/1/1970 21:43;;
20/1/1970 21:43;;
20/1/1970 21:43;;
20/1/1970 21:43;;
20/1/1970 21:43;;
20/1/1970 21:43;;
20/1/1970 21:43;;
20/1/1970 21:43;;
20/1/1970 21:43;;
20/1/1970 21:43;;
20/1/1970 21:43;;
20/1/1970 21:43;;
20/1/1970 21:43;;
20/1/1970 21:43;;
20/1/1970 21:43;;
20/1/1970 21:43;;
20/1/1970 21:43;;
20/1/1970 21:43;;
20/1/1970 21:43;;
20/1/1970 21:43;;
20/1/1970 21:43;;
20/1/1970 21:43;;
20/1/1970 21:43;;
20/1/1970 21:43;;
20/1/1970 21:43;;
20/1/1970 21:43;;
20/1/1970 21:43;;
20/1/1970 21:43;;
20/1/1970 21:43;;
20/1/1970 21:43;;
20/1/1970 21:43;;
20/1/1970 21:43;;
20/1/1970 21:43;;
20/1/1970 21:43;;
20/1/1970 21:43;;
20/1/1970 21:43;;
20/1/1970 21:43;;
20/1/1970 21:43;;
20/1/1970 21:43;;
20/1/1970 21:43;;
20/1/1970 21:43;;
20/1/1970 21:43;;
20/1/1970 21:43;;
20/1/1970 21:43;;
20/1/1970 21:43;;
20/1/1970 21:43;;
20/1/1970 21:43;;
20/1/1970 21:43;;
20/1/1970 21:43;;
20/1/1970 21:43;;
20/1/1970 21:43;;
20/1/1970 21:43;;
20/1/1970 21:43;;
20/1/1970 21:43;;
20/1/1970 21:43;;
20/1/1970 21:43;;
20/1/1970 21:43;;
20/1/1970 21:43;;
20/1/1970 21:43;;
20/1/1970 21:43;;
20/1/1970 21:43;;
20/1/1970 21:43;;
20/1/1970 21:43;;
20/1/1970 21:43;;
20/1/1970 21:43;;
20/1/1970 21:43;;
20/1/1970 21:43;;
20/1/1970 21:43;;
20/1/1970 21:43;;
20/1/1970 21:43;;
20/1/1970 21:43;;
20/1/1970 21:43;;
20/1/1970 21:43;;
20/1/1970 21:43;;
20/1/1970 21:43;;
20/1/1970 21:43;;
20/1/1970 21:43;;
20/1/1970 21:43;;
20/1/1970 21:43;;
20/1/1970 21:43;;
20/1/1970 21:43;;
20/1/1970 21:43;;
20/1/1970 21:43;;
20/1/1970 21:43;;
20/1/1970 21:43;;
20/1/1970 21:43;;
20/1/1970 21:43;;
20/1/1970 21:43;;
20/1/1970 21:43;;
20/1/1970 21:43;;
20/1/1970 21:43;;
20/1/1970 21:43;;
20/1/1970 21:43;;
20/1/1970 21:43;;
20/1/1970 21:43;;
20/1/1970 21:43;;
20/1/1970 21:43;;
20/1/1970 21:43;;
20/1/1970 21:43;;
20/1/1970 21:43;;
20/1/1970 21:43;;
20/1/1970 21:43;;
20/1/1970 21:43;;
20/1/1970 21:43;;
20/1/1970 21:43;;
20/1/1970 21:43;;
20/1/1970 21:43;;
20/1/1970 21:43;;
20/1/1970 21:43;;
20/1/1970 21:43;;
20/1/1970 21:43;;
20/1/1970 21:43;;
20/1/1970 21:43;;
20/1/1970 21:43;;
20/1/1970 21:43;;
20/1/1970 21:43;;
20/1/1970 21:43;;
20/1/1970 21:43;;
20/1/1970 21:43;;
20/1/1970 21:43;;
20/1/1970 21:43;;
20/1/1970 21:43;;
20/1/1970 21:43;;
20/1/1970 21:43;;
20/1/1970 21:43;;
20/1/1970 21:43;;
20/1/1970 21:43;;
20/1/1970 21:43;;
20/1/1970 21:43;;
20/1/1970 21:43;;
20/1/1970 21:43;;
20/1/1970 21:43;;
20/1/1970 21:43;;
20/1/1970 21:43;;
20/1/1970 21:43;;
20/1/1970 21:43;;
20/1/1970 21:43;;
20/1/1970 21:43;;
20/1/1970 21:43;;
20/1/1970 21:43;;
20/1/1970 21:43;;
3/7/2024 07:09;;0
3/7/2024 08:00;;2.83
3/7/2024 09:00;;2.85
3/7/2024 10:00;;2.88
3/7/2024 11:00;;1.61
3/7/2024 12:00;;1.18
3/7/2024 12:37;;0
3/7/2024 12:37;;0
4/7/2024 05:58;0;
4/7/2024 06:00;6.56;
4/7/2024 07:00;6.56;
4/7/2024 08:00;6.42;
4/7/2024 09:00;6.33;
4/7/2024 10:00;6.38;
4/7/2024 11:00;6.38;
4/7/2024 12:00;6.37;
4/7/2024 12:12;0;
4/7/2024 12:12;0;
9/7/2024 06:01;0;
9/7/2024 07:00;6.1;
9/7/2024 08:00;5.99;
9/7/2024 09:00;5.94;
9/7/2024 10:00;5.93;
9/7/2024 11:00;5.92;
9/7/2024 12:00;5.89;
9/7/2024 13:00;5.89;
9/7/2024 14:00;5.89;
9/7/2024 15:00;0;
9/7/2024 16:00;0;
9/7/2024 16:42;0;
9/7/2024 16:42;0;
16/7/2024 05:59;;0
16/7/2024 06:00;;6.54
16/7/2024 07:00;;6.54
16/7/2024 08:00;;6.42
16/7/2024 09:00;;6.38
16/7/2024 10:00;;6.41
16/7/2024 11:00;;6.34
16/7/2024 12:00;;6.33
16/7/2024 12:33;0;
16/7/2024 13:00;2.81;6.29
16/7/2024 14:00;2.82;6.28
16/7/2024 14:52;;0
16/7/2024 14:52;;0
16/7/2024 15:00;2.9;
16/7/2024 16:00;2.92;
16/7/2024 16:50;0;
16/7/2024 16:50;0;
23/7/2024 05:57;0;
23/7/2024 06:00;6.09;
23/7/2024 07:00;6.08;
23/7/2024 08:00;5.95;
23/7/2024 09:00;5.88;
23/7/2024 10:00;5.9;
23/7/2024 11:00;5.88;
23/7/2024 11:17;0;
23/7/2024 11:17;5.73;
23/7/2024 11:23;0;
23/7/2024 12:00;6.41;
23/7/2024 13:00;6.4;
23/7/2024 14:00;6.39;
23/7/2024 15:00;6.37;
23/7/2024 16:00;6.39;
23/7/2024 16:22;0;
23/7/2024 16:22;0;
25/7/2024 06:00;;0
25/7/2024 07:00;;6.51
25/7/2024 08:00;;6.43
25/7/2024 09:00;;6.38
25/7/2024 10:00;;6.34
25/7/2024 11:00;;6.4
25/7/2024 12:00;;6.37
25/7/2024 13:00;;6.33
25/7/2024 14:00;;6.26
25/7/2024 15:00;;6.26
25/7/2024 15:57;;0
25/7/2024 15:57;;0
30/7/2024 06:35;;0
30/7/2024 07:00;;6.53
30/7/2024 08:00;;6.41
30/7/2024 09:00;;6.42
30/7/2024 10:00;;6.42
30/7/2024 11:00;;6.38
30/7/2024 12:00;;6.39
30/7/2024 13:00;;6.4
30/7/2024 14:00;;0
30/7/2024 15:00;;0
30/7/2024 15:20;;0
30/7/2024 15:20;;0
1/8/2024 06:02;;0
1/8/2024 07:00;;6.53
1/8/2024 08:00;;6.36
1/8/2024 09:00;;6.37
1/8/2024 10:00;;6.34
1/8/2024 11:00;;6.33
1/8/2024 12:00;;6.32
1/8/2024 13:00;;6.34
1/8/2024 14:00;;6.31
1/8/2024 15:00;;0
1/8/2024 15:55;;0
1/8/2024 15:55;;0
5/8/2024 06:00;0;
5/8/2024 07:00;5.96;
5/8/2024 08:00;5.86;
5/8/2024 09:00;5.94;
5/8/2024 10:00;5.96;
5/8/2024 11:00;5.92;
5/8/2024 12:00;5.94;
5/8/2024 13:00;5.93;
5/8/2024 14:00;5.85;
5/8/2024 14:11;0;
5/8/2024 14:11;5.66;
5/8/2024 14:21;;0
5/8/2024 15:00;;3.09
5/8/2024 16:00;;3.09
5/8/2024 17:00;;3.12
5/8/2024 17:00;;0
5/8/2024 17:00;;0
6/8/2024 06:06;0;
6/8/2024 06:45;;0
6/8/2024 07:00;6.09;6.38
6/8/2024 08:00;5.89;6.33
6/8/2024 09:00;5.81;6.26
6/8/2024 10:00;5.32;6.21
6/8/2024 11:00;5.29;6.19
6/8/2024 12:00;5.32;6.22
6/8/2024 13:00;7.13;6.4
6/8/2024 13:11;;0
6/8/2024 13:11;;0
6/8/2024 14:00;7.13;
6/8/2024 15:00;0;
6/8/2024 16:00;0;
6/8/2024 16:40;0;
6/8/2024 16:40;0;
8/8/2024 05:56;;0
8/8/2024 06:00;;6.52
8/8/2024 07:00;;6.51
8/8/2024 08:00;;6.34
8/8/2024 09:00;;6.28
8/8/2024 10:00;;6.32
8/8/2024 11:00;;6.31
8/8/2024 12:00;;6.41
8/8/2024 13:00;;0
8/8/2024 14:00;;0
8/8/2024 14:07;;0
8/8/2024 14:07;;0
12/8/2024 08:49;0;
12/8/2024 09:00;6.26;
12/8/2024 10:00;6.32;
12/8/2024 11:00;6.33;
12/8/2024 12:00;6.37;
12/8/2024 13:00;6.37;
12/8/2024 14:00;6.37;
12/8/2024 15:00;0;
12/8/2024 16:00;0;
12/8/2024 16:53;0;
12/8/2024 16:53;0;
13/8/2024 06:46;0;
13/8/2024 07:00;2.86;
13/8/2024 08:00;2.86;
13/8/2024 09:00;2.89;
13/8/2024 10:00;2.89;
13/8/2024 11:00;1.62;
13/8/2024 12:00;1.17;
13/8/2024 12:28;0;
13/8/2024 12:28;0;
14/8/2024 07:22;0;
14/8/2024 08:00;3.15;
14/8/2024 09:00;3.11;
14/8/2024 10:00;3.1;
14/8/2024 11:00;0;
14/8/2024 11:17;0;
14/8/2024 11:17;0;
14/8/2024 11:17;;0
14/8/2024 11:51;;0
14/8/2024 11:51;;0
14/8/2024 12:42;0;
14/8/2024 13:00;2.85;
14/8/2024 14:00;2.88;
14/8/2024 15:00;2.91;
14/8/2024 16:00;1.17;
14/8/2024 16:01;0;
14/8/2024 16:01;0;
20/8/2024 05:59;;0
20/8/2024 06:00;;6.52
20/8/2024 07:00;;6.52
20/8/2024 08:00;;6.32
20/8/2024 09:00;;6.31
20/8/2024 10:00;;6.27
20/8/2024 11:00;;6.25
20/8/2024 12:00;;6.33
20/8/2024 13:00;;6.35
20/8/2024 14:00;;6.36
20/8/2024 15:00;;6.3
20/8/2024 16:00;;0
20/8/2024 16:00;;0
20/8/2024 16:00;;0
21/8/2024 06:02;0;
21/8/2024 07:00;6.09;
21/8/2024 07:13;;0
21/8/2024 08:00;5.97;2.84
21/8/2024 09:00;5.8;2.8
21/8/2024 10:00;5.82;7.13
21/8/2024 11:00;5.8;7.13
21/8/2024 12:00;5.83;1.17
21/8/2024 12:32;;0
21/8/2024 12:32;;0
21/8/2024 13:00;5.92;
21/8/2024 13:38;;0
21/8/2024 14:00;5.92;6.23
21/8/2024 15:00;7.13;6.3
21/8/2024 16:00;7.13;6.31
21/8/2024 16:17;0;
21/8/2024 16:17;0;
21/8/2024 16:46;;0
21/8/2024 16:46;;5.66
22/8/2024 07:20;0;
22/8/2024 08:00;3.07;
22/8/2024 09:00;3.08;
22/8/2024 10:00;3.11;
22/8/2024 11:00;0;
22/8/2024 12:00;0;
22/8/2024 12:03;0;
22/8/2024 12:03;0;
2/9/2024 06:07;0;
2/9/2024 07:00;6.06;
2/9/2024 08:00;5.98;
2/9/2024 09:00;5.9;
2/9/2024 10:00;5.92;
2/9/2024 11:00;5.9;
2/9/2024 12:00;5.86;
2/9/2024 13:00;5.95;
2/9/2024 14:00;5.97;
2/9/2024 15:00;5.95;
2/9/2024 15:14;;0
2/9/2024 16:00;5.95;2.89
2/9/2024 16:18;0;
2/9/2024 16:18;0;
2/9/2024 17:00;;7.36
2/9/2024 17:53;;0
2/9/2024 17:53;;0
3/9/2024 06:05;;0
3/9/2024 07:00;;6.5
3/9/2024 08:00;;6.42
3/9/2024 09:00;;6.35
3/9/2024 10:00;;6.38
3/9/2024 11:00;;6.36
3/9/2024 12:00;;6.34
3/9/2024 13:00;;6.33
3/9/2024 14:00;;6.33
3/9/2024 15:00;;6.31
3/9/2024 15:23;;0
3/9/2024 15:23;;0
9/9/2024 06:17;;0
9/9/2024 07:00;;6.52
9/9/2024 07:32;;0
9/9/2024 07:32;;5.56
9/9/2024 16:44;;0
9/9/2024 17:00;;6.32
9/9/2024 17:46;;0
9/9/2024 17:46;;0
10/9/2024 06:06;0;
10/9/2024 07:00;6.5;
10/9/2024 08:00;6.42;
10/9/2024 09:00;6.38;
10/9/2024 10:00;6.4;
10/9/2024 11:00;6.38;
10/9/2024 12:00;6.36;
10/9/2024 13:00;0;
10/9/2024 13:13;0;
10/9/2024 13:13;0;
16/9/2024 09:50;;0
16/9/2024 10:00;;6.43
16/9/2024 10:52;0;
16/9/2024 11:00;5.39;6.4
16/9/2024 12:00;5.88;6.35
16/9/2024 12:39;;0
16/9/2024 12:39;;1.86
16/9/2024 13:00;5.97;
16/9/2024 13:41;;0
16/9/2024 14:00;5.98;6.39
16/9/2024 15:00;5.87;6.4
16/9/2024 15:31;;0
16/9/2024 15:31;;6.17
16/9/2024 16:00;6.01;
16/9/2024 17:00;6.04;
16/9/2024 17:23;0;
16/9/2024 17:23;3;
17/9/2024 06:03;;0
17/9/2024 07:00;;6.42
17/9/2024 08:00;;6.35
17/9/2024 09:00;;6.25
17/9/2024 10:00;;6.17
17/9/2024 11:00;;6.17
17/9/2024 12:00;;6.21
17/9/2024 13:00;;6.2
17/9/2024 13:36;;0
17/9/2024 13:36;;0
17/9/2024 13:40;;0
17/9/2024 14:00;;6.25
17/9/2024 15:00;;6.21
17/9/2024 16:00;;6.2
17/9/2024 17:00;;6.26
17/9/2024 18:00;;6.36
17/9/2024 18:24;;0
17/9/2024 18:24;;5.4
18/9/2024 06:15;;0
18/9/2024 07:00;;6.39
18/9/2024 08:00;;6.34
18/9/2024 09:00;;6.41
18/9/2024 10:00;;6.39
18/9/2024 11:00;;6.4
18/9/2024 12:00;;6.38
18/9/2024 12:07;;0
18/9/2024 12:07;;0
20/9/2024 06:57;;0
20/9/2024 07:00;;6.36
20/9/2024 08:00;;6.41
20/9/2024 09:00;;6.39
20/9/2024 10:00;;6.43
20/9/2024 10:27;;0
20/9/2024 10:27;;5.79
20/9/2024 10:28;0;
20/9/2024 10:29;0;
20/9/2024 10:29;5.89;
20/9/2024 10:35;;0
20/9/2024 10:38;;0
20/9/2024 10:38;;5.04
20/9/2024 10:40;0;
20/9/2024 10:41;;0
20/9/2024 11:00;6.37;6.3
20/9/2024 11:22;0;
20/9/2024 11:22;6.51;
20/9/2024 12:00;;7.13
20/9/2024 12:41;;0
20/9/2024 12:41;;0
23/9/2024 05:58;0;
23/9/2024 06:00;5.97;
23/9/2024 06:18;;0
23/9/2024 07:00;6.02;6.32
23/9/2024 08:00;5.76;6.29
23/9/2024 09:00;5.41;6.3
23/9/2024 10:00;5.29;6.19
23/9/2024 11:00;5.32;6.22
23/9/2024 12:00;5.38;6.27
23/9/2024 12:00;0;
23/9/2024 12:00;5.28;
23/9/2024 12:33;0;
23/9/2024 12:49;;0
23/9/2024 12:49;;0
23/9/2024 13:00;6.42;
23/9/2024 14:00;6.4;
23/9/2024 15:00;6.36;
23/9/2024 16:00;6.38;
23/9/2024 16:46;0;
23/9/2024 16:46;5.4;
24/9/2024 14:28;0;
24/9/2024 15:00;5.88;
24/9/2024 16:00;5.88;
24/9/2024 16:00;0;
24/9/2024 16:00;5.95;
25/9/2024 06:13;0;
25/9/2024 07:00;6.03;
25/9/2024 08:00;5.91;
25/9/2024 09:00;5.83;
25/9/2024 09:44;;0
25/9/2024 10:00;5.87;6.15
25/9/2024 10:41;0;
25/9/2024 10:41;0;
25/9/2024 11:00;;6.3
25/9/2024 12:00;;6.36
25/9/2024 13:00;;6.4
25/9/2024 13:29;;0
25/9/2024 13:29;;0
26/9/2024 06:02;;0
26/9/2024 07:00;;6.52
26/9/2024 08:00;;6.36
26/9/2024 09:00;;6.33
26/9/2024 10:00;;6.32
26/9/2024 11:00;;6.31
26/9/2024 12:00;;6.31
26/9/2024 13:00;;6.34
26/9/2024 14:00;;6.35
26/9/2024 15:00;;6.32
26/9/2024 15:50;;0
26/9/2024 15:50;;0
27/9/2024 06:04;0;
27/9/2024 06:17;0;
27/9/2024 06:17;6.04;
27/9/2024 06:23;0;
27/9/2024 07:00;6.46;
27/9/2024 08:00;6.41;
27/9/2024 09:00;6.43;
27/9/2024 10:00;6.65;
27/9/2024 10:36;0;
27/9/2024 10:36;5.49;
27/9/2024 10:38;0;
27/9/2024 10:39;0;
27/9/2024 10:39;0;
27/9/2024 10:39;;0
27/9/2024 10:45;;0
27/9/2024 10:45;;6.3
27/9/2024 10:47;0;
27/9/2024 11:00;6.7;
27/9/2024 11:12;;0
27/9/2024 11:56;0;
27/9/2024 11:56;0;
27/9/2024 12:00;;6.68
27/9/2024 13:00;;7.36
27/9/2024 13:01;;0
27/9/2024 13:01;;0
27/9/2024 13:31;0;
27/9/2024 14:00;6.77;
27/9/2024 15:00;6.74;
27/9/2024 16:00;0;
27/9/2024 16:34;0;
27/9/2024 16:34;0;
30/9/2024 06:16;;0
30/9/2024 07:00;;6.39
30/9/2024 08:00;;6.52
30/9/2024 09:00;;6.49
30/9/2024 10:00;;6.44
30/9/2024 11:00;;6.43
30/9/2024 11:58;;0
30/9/2024 11:58;;4.95
30/9/2024 12:12;0;
30/9/2024 13:00;6.37;
30/9/2024 13:09;0;
30/9/2024 13:10;0.75;
30/9/2024 13:54;0;
30/9/2024 14:00;6.48;
30/9/2024 15:00;6.48;
30/9/2024 15:10;0;
30/9/2024 15:10;0;
30/9/2024 15:17;0;
30/9/2024 16:00;3.35;
30/9/2024 17:00;3.38;
30/9/2024 17:21;0;
30/9/2024 17:21;2.77;
1/10/2024 06:59;0;
1/10/2024 07:00;0.01;
1/10/2024 08:00;2.87;
1/10/2024 09:00;2.88;
1/10/2024 10:00;2.89;
1/10/2024 11:00;2.87;
1/10/2024 11:51;;0
1/10/2024 12:00;1.17;6.42
1/10/2024 12:13;0;
1/10/2024 12:13;0;
1/10/2024 13:00;;6.46
1/10/2024 13:19;0;
1/10/2024 14:00;6.58;6.49
1/10/2024 14:54;0;
1/10/2024 14:55;0;
1/10/2024 15:00;;6.48
1/10/2024 15:59;;0
1/10/2024 15:59;;0
2/10/2024 11:43;;0
2/10/2024 12:00;;6.34
2/10/2024 13:00;;6.46
2/10/2024 14:00;;6.42
2/10/2024 15:00;;6.38
2/10/2024 16:00;;0
2/10/2024 16:44;;0
2/10/2024 16:44;;0
3/10/2024 08:51;;0
3/10/2024 09:00;;6.33
3/10/2024 10:00;;6.35
3/10/2024 11:00;;6.36
3/10/2024 12:00;;6.31
3/10/2024 13:00;;6.27
3/10/2024 14:00;;6.32
3/10/2024 15:00;;6.22
3/10/2024 16:00;;6.21
3/10/2024 16:00;;0
3/10/2024 16:00;;0
3/10/2024 16:53;0;
3/10/2024 17:00;6.65;
3/10/2024 18:00;6.61;
3/10/2024 19:00;6.62;
3/10/2024 20:00;0;
3/10/2024 20:59;0;
3/10/2024 20:59;0;
4/10/2024 06:22;0;
4/10/2024 07:00;6.43;
4/10/2024 07:40;0;
4/10/2024 07:40;0;
7/10/2024 07:55;;0
7/10/2024 08:00;;6.24
7/10/2024 09:00;;6.33
7/10/2024 10:00;;6.29
7/10/2024 11:00;;6.42
7/10/2024 11:47;;0
7/10/2024 11:47;;0
7/10/2024 13:22;0;
7/10/2024 14:00;6.43;
7/10/2024 15:00;6.42;
7/10/2024 16:00;0.01;
7/10/2024 16:15;0;
7/10/2024 16:15;0;
8/10/2024 09:45;0;
8/10/2024 09:46;0;
8/10/2024 09:46;0;
8/10/2024 09:47;;0
8/10/2024 10:00;;6.3
8/10/2024 11:00;;6.38
8/10/2024 12:00;;0.25
8/10/2024 12:02;;0
8/10/2024 12:02;;0
8/10/2024 14:11;;0
8/10/2024 14:14;0;
8/10/2024 15:00;5.91;0.01
8/10/2024 16:00;5.93;0.01
8/10/2024 16:04;0;
8/10/2024 16:04;0;
8/10/2024 16:48;;0
8/10/2024 16:48;;0
9/10/2024 06:47;;0
9/10/2024 07:00;;6.48
9/10/2024 08:00;;6.49
9/10/2024 09:00;;6.42
9/10/2024 10:00;;6.35
9/10/2024 11:00;;6.35
9/10/2024 11:28;;0
9/10/2024 11:28;;0
11/10/2024 06:34;0;
11/10/2024 06:34;0;
11/10/2024 06:34;0;
11/10/2024 09:39;0;
11/10/2024 10:00;6.28;
11/10/2024 11:00;6.3;
11/10/2024 11:38;0;
11/10/2024 11:38;5.76;
11/10/2024 13:33;0;
11/10/2024 14:00;6.35;
11/10/2024 15:00;6.33;
11/10/2024 16:00;6.33;
11/10/2024 16:06;0;
11/10/2024 16:06;0;
16/10/2024 06:12;;0
16/10/2024 07:00;;6.46
16/10/2024 08:00;;6.34
16/10/2024 09:00;;6.36
16/10/2024 10:00;;6.29
16/10/2024 10:11;;0
16/10/2024 10:11;;0.69
18/10/2024 06:22;0;
18/10/2024 07:00;6.46;
18/10/2024 08:00;6.34;
18/10/2024 09:00;6.26;
18/10/2024 10:00;6.13;
18/10/2024 10:28;0;
18/10/2024 10:28;0;
21/10/2024 06:12;;0
21/10/2024 06:48;0;
21/10/2024 07:00;6.15;6.41
21/10/2024 08:00;6.15;6.21
21/10/2024 09:00;6.18;6.19
21/10/2024 10:00;6.19;6.28
21/10/2024 11:00;0;6.35
21/10/2024 11:50;;0
21/10/2024 11:50;;7.2
21/10/2024 12:00;0;
21/10/2024 12:48;;0
21/10/2024 12:59;0;
21/10/2024 12:59;0;
21/10/2024 13:00;;6.47
21/10/2024 14:00;;6.53
21/10/2024 15:00;;6.53
21/10/2024 16:00;;6.57
21/10/2024 17:00;;6.63
21/10/2024 17:11;;0
21/10/2024 17:11;;4.5
22/10/2024 09:22;;0
22/10/2024 10:00;;6.41
22/10/2024 11:00;;6.4
22/10/2024 12:00;;6.31
22/10/2024 13:00;;6.3
22/10/2024 14:00;;6.38
22/10/2024 15:00;;6.38
22/10/2024 15:58;;0
22/10/2024 15:58;;1.48
23/10/2024 06:08;0;
23/10/2024 06:39;0;
23/10/2024 06:39;5.85;
23/10/2024 06:39;;0
23/10/2024 06:40;;0
23/10/2024 06:40;;2.57
23/10/2024 06:42;0;
23/10/2024 07:00;5.87;
23/10/2024 08:00;5.86;
23/10/2024 09:00;5.87;
23/10/2024 10:00;5.86;
23/10/2024 11:00;5.87;
23/10/2024 11:13;;0
23/10/2024 11:14;;0
23/10/2024 11:14;;5.2
23/10/2024 11:16;;0
23/10/2024 11:17;;0
23/10/2024 11:17;;4.37
23/10/2024 11:22;;0
23/10/2024 12:00;5.84;6.25
23/10/2024 12:44;0;
23/10/2024 12:44;5.54;
23/10/2024 13:00;;6.43
23/10/2024 14:00;;6.41
23/10/2024 14:36;;0
23/10/2024 14:36;;3.37
23/10/2024 14:42;;0
23/10/2024 14:43;;0
23/10/2024 14:43;;4.63
23/10/2024 14:48;;0
23/10/2024 15:00;;6.37
23/10/2024 16:00;;6.38
23/10/2024 16:06;;0
23/10/2024 16:06;;0
24/10/2024 12:44;;0
24/10/2024 13:00;;6.43
24/10/2024 14:00;;6.44
24/10/2024 14:21;;0
24/10/2024 14:21;;6.3
24/10/2024 16:01;;0
24/10/2024 16:11;;0
24/10/2024 16:11;;5.4
25/10/2024 09:18;;0
25/10/2024 10:00;;6.32
25/10/2024 11:00;;6.31
25/10/2024 12:00;;6.35
25/10/2024 13:00;;6.42
25/10/2024 13:05;0;
25/10/2024 14:00;6.33;0
25/10/2024 15:00;6.33;0
25/10/2024 15:10;0;
25/10/2024 15:10;0;
25/10/2024 16:00;;0
25/10/2024 17:00;;0
25/10/2024 17:37;;0
25/10/2024 17:37;;0
28/10/2024 06:16;;0
28/10/2024 07:00;;6.42
28/10/2024 08:00;;6.38
28/10/2024 09:00;;6.24
28/10/2024 10:00;;6.18
28/10/2024 10:18;;0
28/10/2024 10:18;;3.93
28/10/2024 11:16;;0
28/10/2024 11:20;;0
28/10/2024 11:20;;8.4
28/10/2024 11:25;;0
28/10/2024 11:55;;0
28/10/2024 11:55;;0
28/10/2024 12:49;0;
28/10/2024 12:52;0;
28/10/2024 12:52;0;
28/10/2024 13:26;;0
28/10/2024 14:00;;6.37
28/10/2024 15:00;;6.38
28/10/2024 16:00;;6.39
28/10/2024 17:00;;6.46
28/10/2024 17:28;;0
28/10/2024 17:28;;0
29/10/2024 07:45;0;
29/10/2024 07:50;;0
29/10/2024 08:00;6.42;2.82
29/10/2024 08:08;0;
29/10/2024 08:08;6.05;
29/10/2024 08:17;0;
29/10/2024 08:23;0;
29/10/2024 08:23;5.46;
29/10/2024 09:00;;2.87
29/10/2024 09:51;;0
29/10/2024 09:51;;3.44
29/10/2024 10:08;0;
29/10/2024 11:00;6.38;
29/10/2024 11:50;0;
29/10/2024 11:50;6.91;
29/10/2024 12:09;0;
29/10/2024 13:00;6.34;
29/10/2024 13:15;;0
29/10/2024 13:21;;0
29/10/2024 13:21;;5.56
29/10/2024 13:31;;0
29/10/2024 13:36;;0
29/10/2024 13:36;;6.45
29/10/2024 13:51;;0
29/10/2024 14:00;6.34;6.36
29/10/2024 15:00;6.29;6.9
29/10/2024 15:07;;0
29/10/2024 15:07;;0
29/10/2024 15:08;;0
29/10/2024 16:00;6.28;0
29/10/2024 16:08;;0
29/10/2024 16:08;;0
29/10/2024 16:09;0;
29/10/2024 16:09;0;
30/10/2024 10:39;0;
30/10/2024 10:43;0;
30/10/2024 10:43;6.87;
30/10/2024 11:00;0;
30/10/2024 11:00;0;
30/10/2024 11:00;3.09;
30/10/2024 11:00;0;
30/10/2024 11:00;0;
30/10/2024 11:00;0;
30/10/2024 11:02;;0
30/10/2024 12:00;;6.41
30/10/2024 12:17;;0
30/10/2024 12:17;;6.8
31/10/2024 15:22;0;
31/10/2024 16:00;3.13;
31/10/2024 17:00;3.18;
31/10/2024 17:52;0;
31/10/2024 17:52;0;
1/11/2024 06:48;;0
1/11/2024 07:00;;6.4
1/11/2024 08:00;;6.36
1/11/2024 09:00;;6.38
1/11/2024 10:00;;6.38
1/11/2024 10:34;;0
1/11/2024 10:34;;0
1/11/2024 13:49;;0
1/11/2024 14:00;;6.37
1/11/2024 15:00;;6.42
1/11/2024 16:00;;6.45
1/11/2024 16:58;;0
1/11/2024 16:58;;6.09
1/11/2024 16:59;;0
1/11/2024 17:00;;6.49
1/11/2024 17:01;;0
1/11/2024 17:01;;2.25
2/11/2024 06:13;;0
2/11/2024 06:13;;0
2/11/2024 06:13;;0
2/11/2024 06:14;;0
2/11/2024 06:45;0;
2/11/2024 07:00;6.45;6.12
2/11/2024 08:00;6.44;5.93
2/11/2024 09:00;6.38;5.86
2/11/2024 10:00;6.34;5.89
2/11/2024 10:14;;0
2/11/2024 10:14;;5.4
2/11/2024 10:33;0;
2/11/2024 10:33;0;
2/11/2024 10:34;0;
2/11/2024 10:35;;0
2/11/2024 10:53;0;
2/11/2024 10:53;5.56;
2/11/2024 10:59;0;
2/11/2024 11:00;0;6.45
2/11/2024 12:00;5.86;6.39
2/11/2024 12:06;;0
2/11/2024 12:06;;0
2/11/2024 13:00;5.96;
2/11/2024 14:00;5.99;
2/11/2024 15:00;6;
2/11/2024 15:00;0;
2/11/2024 15:00;5.73;
5/11/2024 05:53;;0
5/11/2024 06:00;;6.36
5/11/2024 07:00;;6.32
5/11/2024 07:55;0;
5/11/2024 08:00;6.12;6.29
5/11/2024 09:00;6.03;6.21
5/11/2024 09:54;;0
5/11/2024 09:54;;5.85
5/11/2024 10:00;6.18;
5/11/2024 10:17;;0
5/11/2024 11:00;6.18;6.22
5/11/2024 11:56;0;
5/11/2024 11:56;5.66;
5/11/2024 12:00;;6.33
5/11/2024 13:00;;7.36
5/11/2024 14:00;;7.36
5/11/2024 14:27;;0
5/11/2024 14:27;;0
5/11/2024 14:54;;0
5/11/2024 14:58;;0
5/11/2024 14:58;;0
6/11/2024 05:56;0;
6/11/2024 06:00;6.43;
6/11/2024 06:30;;0
6/11/2024 07:00;6.49;6.35
6/11/2024 08:00;6.3;6.29
6/11/2024 09:00;6.21;6.2
6/11/2024 10:00;7.13;6.38
6/11/2024 11:00;7.13;6.33
6/11/2024 11:56;;0
6/11/2024 11:56;;2.74
6/11/2024 12:00;7.13;
6/11/2024 13:00;0;
6/11/2024 13:05;0;
6/11/2024 13:05;0;
7/11/2024 06:00;0;
7/11/2024 07:00;6.48;
7/11/2024 08:00;6.28;
7/11/2024 09:00;6.37;
7/11/2024 09:13;0;
7/11/2024 09:13;5.04;
7/11/2024 09:46;0;
7/11/2024 10:00;6.36;
7/11/2024 10:28;0;
7/11/2024 10:28;0;
8/11/2024 06:07;0;
8/11/2024 06:36;;0
8/11/2024 07:00;6.61;6.45
8/11/2024 08:00;6.48;6.42
8/11/2024 08:08;0;
8/11/2024 08:08;0;
8/11/2024 09:00;;6.4
8/11/2024 10:00;;6.32
8/11/2024 10:35;0;
8/11/2024 10:37;;0
8/11/2024 10:37;;5.66
8/11/2024 11:00;6.32;
8/11/2024 12:00;6.33;
8/11/2024 12:36;0;
8/11/2024 12:36;6.57;
8/11/2024 13:44;;0
8/11/2024 13:46;;0
8/11/2024 13:46;;5.24
8/11/2024 13:50;;0
8/11/2024 14:00;;6.31
8/11/2024 14:14;0;
8/11/2024 14:25;0;
8/11/2024 14:25;5.52;
8/11/2024 14:27;0;
8/11/2024 15:00;6.18;6.3
8/11/2024 15:28;0;
8/11/2024 15:28;0;
8/11/2024 16:00;;6.29
8/11/2024 17:00;;6.36
8/11/2024 17:39;;0
8/11/2024 17:39;;0
12/11/2024 06:40;0;
12/11/2024 07:00;6.43;
12/11/2024 07:49;0;
12/11/2024 07:49;7.01;
12/11/2024 09:57;0;
12/11/2024 09:58;0;
12/11/2024 09:58;4.25;
12/11/2024 13:26;;0
12/11/2024 13:26;;0
12/11/2024 13:26;;6.63
12/11/2024 13:30;;0
12/11/2024 14:00;;6.33
12/11/2024 15:00;;6.28
12/11/2024 16:00;;6.35
12/11/2024 17:00;;6.41
12/11/2024 17:34;;0
12/11/2024 17:34;;6.69
13/11/2024 06:06;0;
13/11/2024 06:07;0;
13/11/2024 06:07;5.93;
13/11/2024 06:09;;0
13/11/2024 07:00;;6.6
13/11/2024 07:37;;0
13/11/2024 07:37;;9
13/11/2024 07:40;;0
13/11/2024 07:46;0;
13/11/2024 07:46;0;
13/11/2024 07:46;0;
13/11/2024 07:48;0;
13/11/2024 07:49;0;
13/11/2024 07:49;0;
13/11/2024 07:51;0;
13/11/2024 08:00;6.23;6.49
13/11/2024 08:52;0;
13/11/2024 08:52;6;
13/11/2024 09:00;;6.29
13/11/2024 10:00;;6.33
13/11/2024 10:47;;0
13/11/2024 10:47;;4.55
13/11/2024 10:53;0;
13/11/2024 11:00;5.9;
13/11/2024 12:00;5.89;
13/11/2024 13:00;6;
13/11/2024 14:00;6;
13/11/2024 14:53;0;
13/11/2024 14:53;8.74;
14/11/2024 06:01;;0
14/11/2024 07:00;;6.4
14/11/2024 08:00;;6.44
14/11/2024 09:00;;6.31
14/11/2024 10:00;;6.3
14/11/2024 10:01;;0
14/11/2024 10:01;;5.88
14/11/2024 13:37;0;
14/11/2024 14:00;6.4;
14/11/2024 15:00;6.34;
14/11/2024 15:28;0;
14/11/2024 15:28;5.07;
15/11/2024 06:14;0;
15/11/2024 06:41;;0
15/11/2024 07:00;6.51;6.28
15/11/2024 08:00;6.33;6.07
15/11/2024 08:42;;0
15/11/2024 08:42;;0
15/11/2024 09:00;6.31;
15/11/2024 10:00;6.37;
15/11/2024 10:09;0;
15/11/2024 10:09;0;
15/11/2024 10:54;0;
15/11/2024 11:00;6.44;
15/11/2024 12:00;6.42;
15/11/2024 12:24;0;
15/11/2024 12:24;0;
15/11/2024 13:43;;0
15/11/2024 14:00;;6.46
15/11/2024 14:05;0;
15/11/2024 14:11;0;
15/11/2024 14:11;6.65;
15/11/2024 15:00;;6.45
15/11/2024 15:33;0;
15/11/2024 15:58;0;
15/11/2024 15:58;5.66;
15/11/2024 16:00;;0
15/11/2024 17:00;;0
15/11/2024 17:33;;0
15/11/2024 17:33;;0
16/11/2024 06:13;;0
16/11/2024 06:23;0;
16/11/2024 06:23;0;
16/11/2024 06:23;0;
16/11/2024 06:26;0;
16/11/2024 07:00;6.5;6.14
16/11/2024 08:00;6.48;5.99
16/11/2024 09:00;6.38;5.88
16/11/2024 10:00;6.39;5.89
16/11/2024 11:00;6.44;7.13
16/11/2024 11:02;0;
16/11/2024 11:02;0;
16/11/2024 12:00;;0
16/11/2024 13:00;;0
16/11/2024 14:00;;0
16/11/2024 15:00;;0
16/11/2024 15:59;;0
16/11/2024 15:59;;0
18/11/2024 06:01;0;
18/11/2024 07:00;6.57;
18/11/2024 07:42;;0
18/11/2024 07:43;;0
18/11/2024 07:43;;6.69
18/11/2024 07:46;;0
18/11/2024 08:00;6.45;6.19
18/11/2024 09:00;6.27;6.02
18/11/2024 10:00;6.27;6.01
18/11/2024 10:02;0;
18/11/2024 10:02;5.28;
18/11/2024 10:12;0;
18/11/2024 10:43;0;
18/11/2024 10:43;6.48;
18/11/2024 10:49;;0
18/11/2024 10:49;;0
18/11/2024 11:29;;0
18/11/2024 11:32;;0
18/11/2024 11:32;;6.48
18/11/2024 11:35;;0
18/11/2024 12:00;;6.41
18/11/2024 13:00;;6.43
18/11/2024 14:00;;6.46
18/11/2024 15:00;;6.36
18/11/2024 15:35;;0
18/11/2024 15:35;;7.2
19/11/2024 05:45;;0
19/11/2024 05:58;0;
19/11/2024 05:59;0;
19/11/2024 05:59;6.35;
19/11/2024 06:00;;6.56
19/11/2024 07:00;;6.57
19/11/2024 08:00;;6.46
19/11/2024 09:00;;6.38
19/11/2024 09:46;;0
19/11/2024 09:46;;4.86
19/11/2024 09:48;0;
19/11/2024 09:49;0;
19/11/2024 09:49;5.66;
19/11/2024 09:51;0;
19/11/2024 09:54;;0
19/11/2024 10:00;6.31;6.22
19/11/2024 10:33;0;
19/11/2024 10:33;5.66;
19/11/2024 10:39;0;
19/11/2024 11:00;6.17;6.3
19/11/2024 11:52;;0
19/11/2024 11:52;;6.6
19/11/2024 12:00;6.34;
19/11/2024 12:25;;0
19/11/2024 13:00;6.34;6.26
19/11/2024 13:06;0;
19/11/2024 13:06;6.69;
19/11/2024 13:40;;0
19/11/2024 13:40;;5.56
19/11/2024 13:44;;0
19/11/2024 14:00;;6.33
19/11/2024 15:00;;6.34
19/11/2024 16:00;;6.34
19/11/2024 16:45;;0
19/11/2024 16:45;;0
20/11/2024 06:17;;0
20/11/2024 07:00;;6.54
20/11/2024 08:00;;6.44
20/11/2024 09:00;;6.54
20/11/2024 09:26;;0
20/11/2024 09:26;;5.31
20/11/2024 11:01;0;
20/11/2024 11:01;0;
20/11/2024 11:01;0;
20/11/2024 11:04;0;
20/11/2024 12:00;6.5;
20/11/2024 13:00;6.51;
20/11/2024 14:00;6.51;
20/11/2024 15:00;6.46;
20/11/2024 15:05;0;
20/11/2024 15:05;5.76;
21/11/2024 05:30;0;
21/11/2024 06:00;6.52;
21/11/2024 07:00;6.47;
21/11/2024 08:00;6.44;
21/11/2024 08:27;0;
21/11/2024 08:27;6.8;
21/11/2024 09:01;;0
21/11/2024 10:00;;6.42
21/11/2024 11:00;;6.38
21/11/2024 12:00;;6.36
21/11/2024 12:13;;0
21/11/2024 12:13;;0
21/11/2024 13:50;0;
21/11/2024 14:00;6.37;
21/11/2024 15:00;6.37;
21/11/2024 16:00;6.39;
21/11/2024 17:00;6.43;
21/11/2024 17:00;0;
21/11/2024 17:00;5.4;
22/11/2024 06:30;;0
22/11/2024 07:00;;6.49
22/11/2024 08:00;;6.48
22/11/2024 09:00;;6.45
22/11/2024 09:45;0;
22/11/2024 10:00;6.26;6.38
22/11/2024 10:26;;0
22/11/2024 10:26;;2.7
22/11/2024 11:00;6.42;
22/11/2024 12:00;6.39;
22/11/2024 12:53;0;
22/11/2024 12:53;4.32;
22/11/2024 13:21;;0
22/11/2024 14:00;;6.52
22/11/2024 14:01;;0
22/11/2024 14:01;;0
22/11/2024 14:02;0;
22/11/2024 15:00;6.4;
22/11/2024 15:42;0;
22/11/2024 15:42;0;
23/11/2024 14:19;0;
23/11/2024 15:00;6.52;
23/11/2024 15:07;0;
23/11/2024 15:07;7.2;
25/11/2024 06:16;0;
25/11/2024 06:59;;0
25/11/2024 07:00;6.43;0
25/11/2024 08:00;6.33;6.32
25/11/2024 09:00;6.3;6.32
25/11/2024 10:00;6.32;6.32
25/11/2024 10:17;0;
25/11/2024 10:17;4.4;
25/11/2024 11:00;;6.55
25/11/2024 11:00;;0
25/11/2024 11:00;;0
25/11/2024 13:06;0;
25/11/2024 13:31;;0
25/11/2024 13:50;0;
25/11/2024 13:50;6.4;
25/11/2024 13:52;0;
25/11/2024 14:00;6.43;6.59
25/11/2024 14:31;;0
25/11/2024 14:31;;0
25/11/2024 15:00;6.54;
25/11/2024 16:00;6.53;
25/11/2024 16:03;0;
25/11/2024 16:03;0;
26/11/2024 06:02;;0
26/11/2024 07:00;;6.48
26/11/2024 07:38;0;
26/11/2024 08:00;6.15;6.38
26/11/2024 09:00;6.08;6.23
26/11/2024 10:00;6.16;6.25
26/11/2024 10:03;;0
26/11/2024 10:03;;7.2
26/11/2024 10:07;;0
26/11/2024 11:00;6.13;6.19
26/11/2024 11:38;0;
26/11/2024 11:38;6;
26/11/2024 12:00;;7.13
26/11/2024 12:08;;0
26/11/2024 12:08;;0
26/11/2024 12:32;0;
26/11/2024 13:00;6.32;
26/11/2024 14:00;6.31;
26/11/2024 14:08;;0
26/11/2024 15:00;6.29;6.45
26/11/2024 15:11;;0
26/11/2024 15:11;;0
26/11/2024 15:49;;0
26/11/2024 16:00;6.28;3.13
26/11/2024 16:07;0;
26/11/2024 16:07;0;
26/11/2024 17:00;;3.16
26/11/2024 17:20;;0
26/11/2024 17:20;;3.6
27/11/2024 06:15;0;
27/11/2024 06:16;0;
27/11/2024 06:16;5.66;
27/11/2024 06:58;;0
27/11/2024 07:00;;6.47
27/11/2024 07:55;0;
27/11/2024 08:00;6.34;6.46
27/11/2024 09:00;6.31;6.34
27/11/2024 10:00;6.29;6.28
27/11/2024 10:59;;0
27/11/2024 10:59;;6.24
27/11/2024 11:00;7.13;
27/11/2024 11:14;;0
27/11/2024 11:21;0;
27/11/2024 11:21;0;
27/11/2024 12:00;;6.46
27/11/2024 13:00;;6.49
27/11/2024 13:04;0;
27/11/2024 14:00;6.28;6.45
27/11/2024 15:00;6.29;6.33
27/11/2024 15:15;;0
27/11/2024 15:15;;7.2
27/11/2024 16:00;6.45;
27/11/2024 16:34;0;
27/11/2024 16:34;5.24;
28/11/2024 06:35;;0
28/11/2024 07:00;;6.52
28/11/2024 08:00;;6.37
28/11/2024 08:07;0;
28/11/2024 08:31;0;
28/11/2024 08:31;0;
28/11/2024 08:49;0;
28/11/2024 09:00;6.1;6.34
28/11/2024 10:00;6.13;6.18
28/11/2024 10:35;0;
28/11/2024 10:35;5.89;
28/11/2024 10:36;;0
28/11/2024 10:36;;4.2
28/11/2024 11:15;0;
28/11/2024 11:25;;0
28/11/2024 11:27;0;
28/11/2024 11:27;6.17;
28/11/2024 11:29;0;
28/11/2024 11:34;0;
28/11/2024 11:34;4.5;
28/11/2024 11:41;;0
28/11/2024 11:41;;6.12
28/11/2024 11:47;;0
28/11/2024 11:50;0;
28/11/2024 11:50;0;
28/11/2024 11:50;0;
28/11/2024 11:52;0;
28/11/2024 12:00;6.28;6.4
28/11/2024 12:02;;0
28/11/2024 12:02;;0
28/11/2024 12:03;;0
28/11/2024 13:00;6.38;6.33
28/11/2024 13:02;;0
28/11/2024 13:02;;0
28/11/2024 13:57;0;
28/11/2024 13:57;0;
28/11/2024 16:42;0;
28/11/2024 17:00;2.88;
28/11/2024 17:23;0;
28/11/2024 17:23;2.77;
29/11/2024 06:18;;0
29/11/2024 07:00;;6.43
29/11/2024 08:00;;6.5
29/11/2024 09:00;;6.54
29/11/2024 10:00;;6.4
29/11/2024 10:19;;0
29/11/2024 10:19;;6.17
29/11/2024 10:20;;0
29/11/2024 10:21;;0
29/11/2024 10:21;;3.6
29/11/2024 10:23;;0
29/11/2024 10:23;;0
29/11/2024 10:23;;3.6
29/11/2024 10:26;;0
29/11/2024 10:27;;0
29/11/2024 10:27;;4.6
29/11/2024 10:29;;0
29/11/2024 10:29;;0
29/11/2024 10:29;;4.91
29/11/2024 10:48;;0
29/11/2024 10:56;0;
29/11/2024 11:00;6.21;6.4
29/11/2024 11:46;;0
29/11/2024 11:46;;0
29/11/2024 12:00;6.39;
29/11/2024 12:12;;0
29/11/2024 12:19;0;
29/11/2024 12:19;6.2;
29/11/2024 13:00;;6.43
29/11/2024 14:00;;6.42
29/11/2024 15:00;;6.36
29/11/2024 16:00;;6.35
29/11/2024 16:12;;0
29/11/2024 16:12;;1.38
30/11/2024 06:01;;0
30/11/2024 07:00;;6.17
30/11/2024 08:00;;6.1
30/11/2024 09:00;;6.02
30/11/2024 10:00;;5.99
30/11/2024 10:01;;0
30/11/2024 10:01;;5.7
30/11/2024 10:06;;0
30/11/2024 11:00;;5.96
30/11/2024 12:00;;5.95
30/11/2024 13:00;;5.93
30/11/2024 14:00;;5.96
30/11/2024 14:07;;0
30/11/2024 14:07;;6.69
30/11/2024 14:10;;0
30/11/2024 15:00;;5.96
30/11/2024 16:00;;5.95
30/11/2024 16:07;;0
30/11/2024 16:07;;0
2/12/2024 06:00;0;
2/12/2024 06:50;;0
2/12/2024 07:00;6.54;6.3
2/12/2024 08:00;6.29;6.26
2/12/2024 08:04;0;
2/12/2024 08:04;0;
2/12/2024 08:10;0;
2/12/2024 08:10;0;
2/12/2024 08:22;0;
2/12/2024 08:22;0;
2/12/2024 08:22;0;
2/12/2024 09:00;;6.39
2/12/2024 09:05;0;
2/12/2024 09:18;0;
2/12/2024 09:18;5.24;
2/12/2024 09:28;0;
2/12/2024 10:00;6.27;6.32
2/12/2024 10:52;;0
2/12/2024 10:52;;6.48
2/12/2024 11:00;6.38;
2/12/2024 11:18;0;
2/12/2024 11:18;0;
2/12/2024 11:27;0;
2/12/2024 12:00;6.39;
2/12/2024 12:08;0;
2/12/2024 12:08;5.76;
2/12/2024 12:47;0;
2/12/2024 13:00;6.38;
2/12/2024 13:06;;0
2/12/2024 14:00;6.36;6.25
2/12/2024 15:00;6.39;6.24
2/12/2024 16:00;6.4;0
2/12/2024 16:07;0;
2/12/2024 16:07;0;
2/12/2024 16:29;;0
2/12/2024 16:29;;0
3/12/2024 06:30;;0
3/12/2024 07:00;;0
3/12/2024 07:24;0;
3/12/2024 07:24;0;
3/12/2024 07:24;0;
3/12/2024 07:26;0;
3/12/2024 08:00;3.05;6.44
3/12/2024 09:00;3.04;6.36
3/12/2024 09:07;0;
3/12/2024 09:07;2.48;
3/12/2024 10:00;;6.39
3/12/2024 10:33;;0
3/12/2024 10:33;;6.6
3/12/2024 11:18;;0
3/12/2024 12:00;;6.4
3/12/2024 13:00;;6.42
3/12/2024 14:00;;6.4
3/12/2024 15:00;;6.35
3/12/2024 15:19;;0
3/12/2024 15:19;;0
4/12/2024 06:35;0;
4/12/2024 07:00;6.4;
4/12/2024 08:00;6.43;
4/12/2024 09:00;6.42;
4/12/2024 09:40;0;
4/12/2024 09:40;5.7;
4/12/2024 10:30;0;
4/12/2024 11:00;6.39;
4/12/2024 11:46;;0
4/12/2024 12:00;6.44;6.42
4/12/2024 12:00;0;
4/12/2024 12:00;0;
4/12/2024 13:00;;6.51
4/12/2024 13:17;0;
4/12/2024 14:00;6.24;6.52
4/12/2024 15:00;6.18;6.41
4/12/2024 16:00;6;6.22
5/12/2024 06:52;0;
5/12/2024 06:52;0;
5/12/2024 06:52;;0
5/12/2024 06:52;;0
5/12/2024 07:21;0;
5/12/2024 07:29;;0
5/12/2024 08:00;6.49;6.33
5/12/2024 09:00;6.35;6.32
5/12/2024 09:23;0;
5/12/2024 09:23;5.08;
5/12/2024 09:38;0;
5/12/2024 09:43;0;
5/12/2024 09:43;6.48;
5/12/2024 10:00;;6.29
5/12/2024 10:23;0;
5/12/2024 11:00;6.05;6.28
5/12/2024 11:31;;0
5/12/2024 11:31;;7.2
5/12/2024 11:33;;0
5/12/2024 11:38;0;
5/12/2024 11:38;0;
5/12/2024 12:00;;6.26
5/12/2024 12:04;;0
5/12/2024 12:04;;6.37
5/12/2024 13:13;;0
5/12/2024 14:00;;6.45
5/12/2024 15:00;;6.44
5/12/2024 16:00;;6.44
5/12/2024 17:00;;6.47
5/12/2024 17:09;;0
5/12/2024 17:09;;0
6/12/2024 06:12;0;
6/12/2024 06:20;;0
6/12/2024 07:00;6.49;6.36
6/12/2024 07:21;;0
6/12/2024 07:21;;5.1
6/12/2024 07:24;;0
6/12/2024 07:41;;0
6/12/2024 07:41;;5.91
6/12/2024 07:51;;0
6/12/2024 08:00;6.37;6.25
6/12/2024 09:00;6.29;6.3
6/12/2024 10:00;6.28;6.4
6/12/2024 10:15;0;
6/12/2024 10:15;0;
6/12/2024 11:00;;6.43
6/12/2024 11:52;;0
6/12/2024 11:52;;8.55
6/12/2024 12:34;;0
6/12/2024 13:00;;6.32
6/12/2024 14:00;;6.36
6/12/2024 14:35;;0
6/12/2024 14:35;;6.35
6/12/2024 14:58;;0
6/12/2024 15:00;;6.33
6/12/2024 16:00;;6.48
6/12/2024 17:00;;6.49
6/12/2024 17:32;;0
6/12/2024 17:32;;5.14
9/12/2024 06:14;;0
9/12/2024 06:52;0;
9/12/2024 07:00;6.22;6.5
9/12/2024 08:00;6.19;6.22
9/12/2024 09:00;6.18;6.18
9/12/2024 09:51;;0
9/12/2024 09:51;;7.2
9/12/2024 09:54;;0
9/12/2024 10:00;6.3;6.12
9/12/2024 10:54;0;
9/12/2024 10:54;7.2;
9/12/2024 11:00;;6.28
9/12/2024 12:00;;6.41
9/12/2024 12:07;0;
9/12/2024 13:00;6.29;6.41
9/12/2024 13:19;0;
9/12/2024 13:19;4.8;
9/12/2024 13:39;0;
9/12/2024 13:55;;0
9/12/2024 13:55;;7.2
9/12/2024 14:00;6.23;
9/12/2024 14:08;;0
9/12/2024 15:00;6.23;6.22
9/12/2024 16:00;6.33;0
9/12/2024 16:37;;0
9/12/2024 16:37;;0
9/12/2024 17:00;6.41;
9/12/2024 17:21;0;
9/12/2024 17:21;6.6;
9/12/2024 17:23;0;
9/12/2024 17:35;;0
9/12/2024 18:00;6.47;6.5
9/12/2024 18:28;0;
9/12/2024 18:28;6.09;
9/12/2024 19:00;;6.64
9/12/2024 20:00;;6.66
9/12/2024 20:42;;0
9/12/2024 20:42;;0
10/12/2024 07:45;;0
10/12/2024 08:00;;6.45
10/12/2024 09:00;;6.47
10/12/2024 10:00;;6.37
10/12/2024 11:00;;6.47
10/12/2024 11:32;0;
10/12/2024 11:49;;0
10/12/2024 11:49;;0
10/12/2024 12:00;2.87;
10/12/2024 13:00;2.88;
10/12/2024 13:35;0;
10/12/2024 13:35;1.5;
10/12/2024 13:48;;0
10/12/2024 14:00;;3.12
10/12/2024 15:00;;3.13
10/12/2024 16:00;;3.13
10/12/2024 16:04;;0
10/12/2024 16:04;;0
11/12/2024 06:03;0;
11/12/2024 06:07;;0
11/12/2024 07:00;6.5;6.36
11/12/2024 07:32;0;
11/12/2024 07:32;5.82;
11/12/2024 07:54;0;
11/12/2024 08:00;6.28;6.41
11/12/2024 09:00;7.13;6.34
11/12/2024 09:30;0;
11/12/2024 09:30;0;
11/12/2024 09:33;0;
11/12/2024 10:00;6.1;6.36
11/12/2024 10:07;;0
11/12/2024 10:07;;6.6
11/12/2024 11:00;6.23;
11/12/2024 11:51;0;
11/12/2024 11:51;6.48;
11/12/2024 12:48;0;
11/12/2024 13:00;6.35;
11/12/2024 13:00;;0
11/12/2024 14:00;6.25;6.31
11/12/2024 15:00;6.28;6.31
11/12/2024 16:00;6.28;6.3
11/12/2024 16:27;;0
11/12/2024 16:27;;0
11/12/2024 17:00;6.45;
11/12/2024 17:07;0;
11/12/2024 17:07;0;
12/12/2024 06:59;0;
12/12/2024 06:59;0;
12/12/2024 06:59;0;
12/12/2024 07:01;;0
12/12/2024 07:03;0;
12/12/2024 08:00;6.23;6.2
12/12/2024 09:00;6.27;6.07
12/12/2024 10:00;6.26;6.06
12/12/2024 10:03;;0
12/12/2024 10:03;;5.4
12/12/2024 10:07;;0
12/12/2024 10:45;0;
12/12/2024 10:45;6.35;
12/12/2024 11:00;;6.3
12/12/2024 11:11;0;
12/12/2024 11:13;0;
12/12/2024 11:13;0;
12/12/2024 12:00;;6.3
12/12/2024 13:00;;6.27
12/12/2024 13:18;0;
12/12/2024 13:18;0;
12/12/2024 13:48;0;
12/12/2024 13:49;0;
12/12/2024 13:49;6.4;
12/12/2024 13:50;0;
12/12/2024 13:50;0;
12/12/2024 13:50;0;
12/12/2024 13:53;0;
12/12/2024 13:53;0;
12/12/2024 13:53;0;
12/12/2024 13:53;0;
12/12/2024 13:58;0;
12/12/2024 13:58;6.8;
12/12/2024 14:00;;6.41
12/12/2024 14:02;0;
12/12/2024 14:02;0;
12/12/2024 14:02;0;
12/12/2024 14:03;0;
12/12/2024 14:04;0;
12/12/2024 14:04;5.24;
12/12/2024 14:05;0;
12/12/2024 14:06;0;
12/12/2024 14:06;6;
12/12/2024 14:08;;0
12/12/2024 14:08;;2.88
12/12/2024 14:08;0;
12/12/2024 14:09;0;
12/12/2024 14:09;0;
12/12/2024 14:09;;0
12/12/2024 14:09;;0
12/12/2024 14:09;;6.3
12/12/2024 14:10;0;
12/12/2024 14:13;;0
12/12/2024 15:00;6.36;6.27
12/12/2024 15:32;;0
12/12/2024 15:32;;0
12/12/2024 16:00;6.36;
12/12/2024 16:17;0;
12/12/2024 16:17;0;
13/12/2024 07:07;0;
13/12/2024 07:40;;0
13/12/2024 08:00;6.33;5.91
13/12/2024 09:00;6.22;6.01
13/12/2024 10:00;6.31;6.07
13/12/2024 11:00;6.34;6.1
13/12/2024 11:08;0;
13/12/2024 11:08;6.9;
13/12/2024 11:10;;0
13/12/2024 11:10;;0
13/12/2024 12:02;0;
13/12/2024 12:40;;0
13/12/2024 13:00;6.46;6.33
13/12/2024 14:00;6.36;6.47
13/12/2024 14:03;0;
13/12/2024 14:03;0;
13/12/2024 14:10;0;
13/12/2024 15:00;6.34;6.44
13/12/2024 16:00;6.48;6.34
13/12/2024 16:12;0;
13/12/2024 16:12;0;
13/12/2024 16:26;;0
13/12/2024 16:26;;0
16/12/2024 06:11;0;
16/12/2024 06:11;0;
16/12/2024 06:11;0;
16/12/2024 06:11;0;
16/12/2024 06:16;0;
16/12/2024 06:16;4.5;
16/12/2024 06:49;0;
16/12/2024 06:52;0;
16/12/2024 06:52;4.5;
16/12/2024 06:53;0;
16/12/2024 06:54;0;
16/12/2024 06:54;5.66;
16/12/2024 07:09;;0
16/12/2024 07:12;0;
16/12/2024 07:12;0;
16/12/2024 07:12;0;
16/12/2024 07:12;0;
16/12/2024 07:16;0;
16/12/2024 07:16;6.35;
16/12/2024 07:17;0;
16/12/2024 07:25;0;
16/12/2024 07:25;4.4;
16/12/2024 07:33;0;
16/12/2024 07:38;0;
16/12/2024 07:38;4.32;
16/12/2024 07:59;0;
16/12/2024 08:00;0;5.88
16/12/2024 08:01;0;
16/12/2024 08:01;0;
16/12/2024 08:02;0;
16/12/2024 08:09;0;
16/12/2024 08:09;0;
16/12/2024 08:10;0;
16/12/2024 08:32;0;
16/12/2024 08:32;9.9;
16/12/2024 08:39;0;
16/12/2024 08:48;0;
16/12/2024 08:48;4.95;
16/12/2024 09:00;;5.41
16/12/2024 10:00;;5.34
16/12/2024 10:09;0;
16/12/2024 11:00;6.26;5.38
16/12/2024 12:00;6.33;5.43
16/12/2024 12:51;0;
16/12/2024 12:51;0;
16/12/2024 12:56;;0
16/12/2024 12:56;;7.92
16/12/2024 13:08;;0
16/12/2024 13:24;0;
16/12/2024 14:00;6.36;5.98
16/12/2024 15:00;6.34;5.96
16/12/2024 16:00;0;5.97
16/12/2024 16:04;0;
16/12/2024 16:04;0;
16/12/2024 16:47;;0
16/12/2024 16:47;;3.6
17/12/2024 07:53;;0
17/12/2024 08:00;;6.23
17/12/2024 09:00;;6.35
17/12/2024 10:00;;6.36
17/12/2024 11:00;;6.36
17/12/2024 11:46;;0
17/12/2024 11:46;;0
17/12/2024 12:22;0;
17/12/2024 12:34;;0
17/12/2024 13:00;6.33;2.8
17/12/2024 13:25;0;
17/12/2024 13:25;5.56;
17/12/2024 14:00;;2.85
17/12/2024 15:00;;2.83
17/12/2024 16:00;;2.81
17/12/2024 16:35;;0
17/12/2024 16:35;;1.29
18/12/2024 05:52;;0
18/12/2024 06:00;;6.56
18/12/2024 06:31;0;
18/12/2024 07:00;6.29;6.54
18/12/2024 08:00;5.95;6.18
18/12/2024 08:59;;0
18/12/2024 08:59;;0
18/12/2024 09:00;6.24;
18/12/2024 09:01;;0
18/12/2024 10:00;6.26;6.19
18/12/2024 10:31;0;
18/12/2024 10:31;0;
18/12/2024 11:00;;6.31
18/12/2024 11:56;;0
18/12/2024 11:56;;3.6
19/12/2024 05:51;;0
19/12/2024 05:53;;0
19/12/2024 05:53;;0
19/12/2024 05:55;;0
19/12/2024 06:00;;6.53
19/12/2024 06:52;0;
19/12/2024 07:00;6.16;6.52
19/12/2024 07:39;;0
19/12/2024 07:39;;0
19/12/2024 08:00;6.28;
19/12/2024 09:00;6.29;
19/12/2024 09:12;;0
19/12/2024 10:00;6.24;6.3
19/12/2024 10:52;0;
19/12/2024 10:52;0;
19/12/2024 10:55;0;
19/12/2024 11:00;6.14;6.41
19/12/2024 11:25;0;
19/12/2024 11:25;7.2;
19/12/2024 11:40;0;
19/12/2024 11:55;;0
19/12/2024 11:55;;0
19/12/2024 12:00;6.38;
19/12/2024 13:00;6.38;
19/12/2024 14:00;6.38;
19/12/2024 15:00;6.36;
19/12/2024 15:24;0;
19/12/2024 15:24;0;
20/12/2024 06:59;0;
20/12/2024 07:00;6.35;
20/12/2024 07:39;;0
20/12/2024 08:00;6.35;6.22
20/12/2024 09:00;6.25;6.25
20/12/2024 10:00;6.3;6.28
20/12/2024 10:59;0;
20/12/2024 10:59;5.04;
20/12/2024 11:00;;6.31
20/12/2024 11:39;;0
20/12/2024 11:39;;0
20/12/2024 12:07;0;
20/12/2024 12:14;0;
20/12/2024 12:14;5.76;
20/12/2024 12:28;0;
20/12/2024 12:28;0;
20/12/2024 12:28;9;
20/12/2024 12:35;0;
20/12/2024 13:00;6.41;
20/12/2024 13:33;;0
20/12/2024 14:00;6.43;6.45
20/12/2024 14:52;;0
20/12/2024 14:52;;0
20/12/2024 14:58;;0
20/12/2024 15:00;6.41;6.1
20/12/2024 16:00;6.38;6.08
20/12/2024 16:31;0;
20/12/2024 16:31;0;
20/12/2024 17:00;;6.38
20/12/2024 18:00;;6.47
20/12/2024 18:00;;0
20/12/2024 18:00;;6.87
23/12/2024 06:25;0;
23/12/2024 07:00;6.42;
23/12/2024 08:00;6.37;
23/12/2024 09:00;6.33;
23/12/2024 10:00;6.32;
23/12/2024 10:27;0;
23/12/2024 10:27;0;
26/12/2024 06:27;;0
26/12/2024 06:28;0;
26/12/2024 07:00;6.42;6.5
26/12/2024 08:00;6.37;6.37
26/12/2024 08:13;;0
26/12/2024 08:13;;5.04
26/12/2024 08:42;;0
26/12/2024 09:00;6.38;6.39
26/12/2024 09:43;0;
26/12/2024 09:43;0;
26/12/2024 10:00;;6.39
26/12/2024 10:15;0;
26/12/2024 11:00;6.28;6.39
26/12/2024 12:00;6.41;6.28
26/12/2024 12:06;;0
26/12/2024 12:06;;0
26/12/2024 13:00;6.46;
26/12/2024 13:13;;0
26/12/2024 14:00;6.45;6.12
26/12/2024 14:11;0;
26/12/2024 14:11;0;
26/12/2024 14:13;0;
26/12/2024 15:00;6.29;6.28
26/12/2024 16:00;6.31;6.08
26/12/2024 16:45;0;
26/12/2024 16:45;4;
26/12/2024 17:00;;6.42
26/12/2024 17:13;;0
26/12/2024 17:13;;4.32
27/12/2024 05:59;;0
27/12/2024 06:00;;6.31
27/12/2024 07:00;;6.34
27/12/2024 07:45;0;
27/12/2024 08:00;6.24;6.15
27/12/2024 08:45;0;
27/12/2024 08:45;0;
27/12/2024 09:00;;6.16
27/12/2024 09:05;0;
27/12/2024 09:44;;0
27/12/2024 09:44;;4.95
27/12/2024 09:45;;0
27/12/2024 10:00;6.28;6.05
27/12/2024 11:00;6.28;6.07
27/12/2024 11:50;0;
27/12/2024 11:50;6.3;
27/12/2024 11:51;0;
27/12/2024 12:00;6.35;6.37
27/12/2024 12:15;;0
27/12/2024 12:15;;4.5
27/12/2024 12:20;;0
27/12/2024 13:00;7.36;7.36
27/12/2024 13:06;0;
27/12/2024 13:06;0;
27/12/2024 13:23;;0
27/12/2024 13:23;;0
27/12/2024 13:33;;0
27/12/2024 13:42;0;
27/12/2024 14:00;6.29;6.58
27/12/2024 15:00;6.37;6.51
27/12/2024 15:33;;0
27/12/2024 15:33;;0
27/12/2024 16:00;6.4;
27/12/2024 16:47;0;
27/12/2024 16:47;0;
30/12/2024 07:41;0;
30/12/2024 08:00;6.49;
30/12/2024 09:00;6.47;
30/12/2024 10:00;6.41;
30/12/2024 11:00;6.39;
30/12/2024 11:41;0;
30/12/2024 11:41;9.9;
2/1/2025 06:40;0;
2/1/2025 06:44;;0
2/1/2025 07:00;6.47;6.23
2/1/2025 08:00;6.35;6.12
2/1/2025 09:00;6.31;6.32
2/1/2025 09:03;0;
2/1/2025 09:03;0;
2/1/2025 09:13;0;
2/1/2025 10:00;6.25;6.33
2/1/2025 10:45;;0
2/1/2025 10:45;;7.8
2/1/2025 10:51;;0
2/1/2025 11:00;6.23;6.16
2/1/2025 11:46;;0
2/1/2025 11:46;;1.5
2/1/2025 12:00;6.27;
2/1/2025 13:00;6.29;
2/1/2025 13:12;0;
2/1/2025 13:12;4.5;
2/1/2025 13:13;0;
2/1/2025 13:18;;0
2/1/2025 13:53;0;
2/1/2025 13:53;4.91;
2/1/2025 14:00;;3.05
2/1/2025 15:00;;3.07
2/1/2025 16:00;;7.36
2/1/2025 16:18;;0
2/1/2025 16:18;;0
3/1/2025 06:55;;0
3/1/2025 06:57;0;
3/1/2025 07:00;6.2;6.4
3/1/2025 08:00;6.22;6.27
3/1/2025 09:00;6.23;6.46
3/1/2025 10:00;0;6.45
3/1/2025 10:37;0;
3/1/2025 10:37;0;
3/1/2025 10:55;;0
3/1/2025 10:55;;6.4
3/1/2025 13:21;0;
3/1/2025 13:25;;0
3/1/2025 14:00;6.38;6.47
3/1/2025 14:21;0;
3/1/2025 14:21;6.3;
3/1/2025 14:27;0;
3/1/2025 14:55;;0
3/1/2025 14:55;;0
3/1/2025 15:00;6.47;
3/1/2025 15:17;0;
3/1/2025 15:17;4.5;
7/1/2025 05:57;;0
7/1/2025 06:00;;6.39
7/1/2025 06:07;0;
7/1/2025 07:00;6.46;6.39
7/1/2025 08:00;6.39;6.2
7/1/2025 08:15;;0
7/1/2025 08:15;;4.4
7/1/2025 09:00;6.41;
7/1/2025 10:00;6.31;
7/1/2025 10:07;0;
7/1/2025 10:07;5.04;
7/1/2025 14:07;;0
7/1/2025 15:00;;6.29
7/1/2025 16:00;;6.31
7/1/2025 17:00;;6.35
7/1/2025 18:00;;6.55
7/1/2025 18:08;;0
7/1/2025 18:08;;6.3
8/1/2025 06:46;0;
8/1/2025 07:00;6.43;
8/1/2025 08:00;6.43;
8/1/2025 09:00;6.36;
8/1/2025 10:00;6.39;
8/1/2025 10:46;0;
8/1/2025 10:46;6.69;
8/1/2025 11:09;0;
8/1/2025 12:00;6.41;
8/1/2025 12:05;0;
8/1/2025 12:05;0;
9/1/2025 06:57;;0
9/1/2025 07:00;;6.38
9/1/2025 08:00;;6.34
9/1/2025 09:00;;6.29
9/1/2025 10:00;;6.24
9/1/2025 10:57;;0
9/1/2025 10:57;;6
9/1/2025 10:59;;0
9/1/2025 11:00;;6.27
9/1/2025 11:58;;0
9/1/2025 11:58;;0
10/1/2025 06:13;;0
10/1/2025 06:20;0;
10/1/2025 07:00;6.49;6.53
10/1/2025 07:21;0;
10/1/2025 07:21;7.92;
10/1/2025 07:24;0;
10/1/2025 07:25;0;
10/1/2025 07:25;5.29;
10/1/2025 07:45;0;
10/1/2025 08:00;6.35;6.53
10/1/2025 09:00;6.34;6.31
10/1/2025 10:00;6.3;6.27
10/1/2025 10:14;;0
10/1/2025 10:14;;4
10/1/2025 11:00;6.4;
10/1/2025 11:30;;0
10/1/2025 11:45;0;
10/1/2025 11:45;0;
10/1/2025 12:00;;6.39
10/1/2025 12:04;;0
10/1/2025 12:04;;0
10/1/2025 12:08;0;
10/1/2025 13:00;6.36;
10/1/2025 13:10;;0
10/1/2025 14:00;6.36;14.72
10/1/2025 14:23;0;
10/1/2025 14:23;0;
10/1/2025 15:00;;14.72
10/1/2025 15:12;;0
10/1/2025 15:12;;0
10/1/2025 15:24;0;
10/1/2025 16:00;3.06;
10/1/2025 17:00;3.15;
10/1/2025 17:03;0;
10/1/2025 17:03;2.57;
13/1/2025 06:33;;0
13/1/2025 07:00;;6.55
13/1/2025 08:00;;6.32
13/1/2025 09:00;;6.22
13/1/2025 10:00;;6.22
13/1/2025 10:33;;0
13/1/2025 10:33;;6.17
13/1/2025 11:23;;0
13/1/2025 12:00;;6.36
13/1/2025 13:00;;6.49
13/1/2025 14:00;;6.47
13/1/2025 14:23;;0
13/1/2025 14:23;;6.53
14/1/2025 07:06;0;
14/1/2025 07:31;;0
14/1/2025 08:00;6.47;6.29
14/1/2025 09:00;6.26;6.29
14/1/2025 10:00;6.34;6.34
14/1/2025 11:00;6.34;6.33
14/1/2025 11:07;0;
14/1/2025 11:07;5.56;
14/1/2025 11:32;;0
14/1/2025 11:32;;0
14/1/2025 12:10;;0
14/1/2025 13:00;;6.41
14/1/2025 14:00;;6.4
14/1/2025 15:00;;6.33
14/1/2025 16:00;;6.32
14/1/2025 16:05;;0
14/1/2025 16:05;;0
14/1/2025 16:06;;0
14/1/2025 16:57;;0
14/1/2025 16:57;;0
15/1/2025 06:40;;0
15/1/2025 06:59;0;
15/1/2025 07:00;6.2;6.34
15/1/2025 08:00;6.15;6.14
15/1/2025 12:17;;0
15/1/2025 12:17;;0
15/1/2025 12:17;0;
15/1/2025 12:17;3.39;
15/1/2025 12:19;;0
15/1/2025 12:37;0;
15/1/2025 13:00;6.02;6.35
15/1/2025 14:00;6.02;6.26
15/1/2025 14:37;0;
15/1/2025 14:37;0;
15/1/2025 14:39;0;
15/1/2025 15:00;6.2;6.34
15/1/2025 16:00;6.26;6.27
15/1/2025 16:04;;0
15/1/2025 16:04;;0
15/1/2025 17:00;6.3;
15/1/2025 17:25;0;
15/1/2025 17:25;6.78;
16/1/2025 06:37;0;
16/1/2025 07:00;6.59;
16/1/2025 07:27;;0
16/1/2025 08:00;6.48;3.04
16/1/2025 09:00;6.44;3.07
16/1/2025 09:28;;0
16/1/2025 09:28;;3.79
16/1/2025 10:00;6.39;
16/1/2025 10:37;0;
16/1/2025 10:37;0;
17/1/2025 06:08;;0
17/1/2025 07:00;;6.63
17/1/2025 08:00;;6.46
17/1/2025 09:00;;6.38
17/1/2025 09:54;0;
17/1/2025 10:00;6.38;6.34
17/1/2025 10:09;;0
17/1/2025 10:09;;6.22
17/1/2025 10:34;0;
17/1/2025 10:34;0;
17/1/2025 10:40;;0
17/1/2025 11:00;;6.3
17/1/2025 12:00;;6.34
17/1/2025 13:00;;6.37
17/1/2025 14:00;;6.45
17/1/2025 14:40;;0
17/1/2025 14:40;;4
20/1/2025 06:04;0;
20/1/2025 07:00;6.49;
20/1/2025 07:07;;0
20/1/2025 08:00;6.36;6.26
20/1/2025 08:19;0;
20/1/2025 08:19;5.7;
20/1/2025 08:20;0;
20/1/2025 09:00;6.28;6.38
20/1/2025 10:00;6.27;6.26
20/1/2025 10:53;0;
20/1/2025 10:53;6;
20/1/2025 11:00;;6.39
20/1/2025 11:07;;0
20/1/2025 11:07;;6.4
20/1/2025 11:09;0;
20/1/2025 11:34;0;
20/1/2025 11:34;6.87;
20/1/2025 11:36;0;
20/1/2025 12:00;6.33;
20/1/2025 12:19;;0
20/1/2025 13:00;6.34;6.26
20/1/2025 14:00;6.23;6.23
20/1/2025 15:00;7.13;6.26
20/1/2025 15:37;0;
20/1/2025 15:37;0;
20/1/2025 15:43;0;
20/1/2025 16:00;0;6.29
20/1/2025 16:20;;0
20/1/2025 16:20;;5.4
20/1/2025 16:25;;0
20/1/2025 16:42;0;
20/1/2025 16:42;0;
20/1/2025 17:00;;6.48
20/1/2025 17:25;;0
20/1/2025 17:25;;0
21/1/2025 05:56;;0
21/1/2025 06:00;;6.57
21/1/2025 06:24;0;
21/1/2025 07:00;6.29;6.56
21/1/2025 08:00;6.26;6.22
21/1/2025 09:00;6.24;6.18
21/1/2025 09:56;;0
21/1/2025 09:56;;5.4
21/1/2025 10:00;6.39;
21/1/2025 10:16;;0
21/1/2025 10:24;0;
21/1/2025 10:24;4.15;
21/1/2025 10:34;0;
21/1/2025 11:00;6.32;6.42
21/1/2025 12:00;6.33;6.3
21/1/2025 12:16;;0
21/1/2025 12:16;;3.6
21/1/2025 12:18;;0
21/1/2025 13:00;6.35;6.22
21/1/2025 13:47;0;
21/1/2025 13:47;3.83;
21/1/2025 14:00;;6.32
21/1/2025 14:33;;0
21/1/2025 14:33;;0
22/1/2025 06:00;0;
22/1/2025 07:00;6.55;
22/1/2025 07:31;0;
22/1/2025 07:31;6.24;
22/1/2025 08:42;;0
22/1/2025 09:00;;6.31
22/1/2025 09:06;0;
22/1/2025 10:00;6.42;6.31
22/1/2025 10:06;0;
22/1/2025 10:06;7.6;
22/1/2025 11:00;;6.39
22/1/2025 11:53;;0
22/1/2025 11:53;;4.5
22/1/2025 13:28;;0
22/1/2025 13:35;0;
22/1/2025 13:39;0;
22/1/2025 13:39;4.32;
22/1/2025 13:42;0;
22/1/2025 13:48;0;
22/1/2025 13:48;0;
22/1/2025 13:50;0;
22/1/2025 14:00;6.1;6.36
22/1/2025 15:00;5.99;6.23
22/1/2025 15:54;;0
22/1/2025 15:54;;5.04
22/1/2025 16:00;6.31;
22/1/2025 16:35;0;
22/1/2025 16:35;0;
23/1/2025 07:00;0;
23/1/2025 08:00;6.44;
23/1/2025 09:00;6.4;
23/1/2025 10:00;6.4;
23/1/2025 11:00;6.33;
23/1/2025 11:01;0;
23/1/2025 11:01;6.17;
23/1/2025 13:07;;0
23/1/2025 13:21;0;
23/1/2025 14:00;6.15;6.19
23/1/2025 15:00;6.2;5.95
23/1/2025 16:00;6.21;5.98
23/1/2025 16:07;;0
23/1/2025 16:07;;4.2
23/1/2025 16:37;0;
23/1/2025 16:37;4.5;
23/1/2025 16:41;0;
23/1/2025 17:00;6.39;
23/1/2025 17:01;0;
23/1/2025 17:01;0;
24/1/2025 06:08;0;
24/1/2025 06:24;;0
24/1/2025 07:00;6.58;6.42
24/1/2025 08:00;6.35;6.37
24/1/2025 09:00;6.32;6.32
24/1/2025 10:00;6.35;6.34
24/1/2025 10:08;0;
24/1/2025 10:08;3.6;
24/1/2025 10:24;;0
24/1/2025 10:24;;5.24
24/1/2025 10:37;;0
24/1/2025 11:00;;6.34
24/1/2025 12:00;;6.32
24/1/2025 12:01;;0
24/1/2025 12:01;;6
27/1/2025 06:06;0;
27/1/2025 06:18;;0
27/1/2025 07:00;6.52;6.39
27/1/2025 08:00;6.3;6.33
27/1/2025 09:00;6.27;6.32
27/1/2025 09:20;0;
27/1/2025 09:20;3.96;
27/1/2025 10:00;;6.37
27/1/2025 10:04;0;
27/1/2025 10:19;;0
27/1/2025 10:19;;3.6
27/1/2025 10:28;;0
27/1/2025 10:32;;0
27/1/2025 10:32;;0
27/1/2025 10:41;;0
27/1/2025 11:00;6.42;6.32
27/1/2025 11:50;;0
27/1/2025 11:50;;0
27/1/2025 12:00;6.4;
27/1/2025 12:01;0;
27/1/2025 12:01;5.76;
27/1/2025 12:04;;0
27/1/2025 12:52;0;
27/1/2025 13:00;6.16;6.42
27/1/2025 14:00;5.98;6.24
27/1/2025 15:51;0;
27/1/2025 15:51;6.56;
27/1/2025 17:15;;0
27/1/2025 17:15;;0
28/1/2025 07:00;0;
28/1/2025 07:52;;0
28/1/2025 08:00;6.39;6.4
28/1/2025 09:00;6.21;6.4
28/1/2025 09:36;;0
28/1/2025 09:36;;0
28/1/2025 10:00;6.32;
28/1/2025 10:52;;0
28/1/2025 11:00;6.34;5.94
28/1/2025 11:00;0;
28/1/2025 11:00;0;
28/1/2025 11:40;0;
28/1/2025 12:00;6.04;6.17
28/1/2025 12:59;;0
28/1/2025 12:59;;2.57
28/1/2025 13:00;6.05;
28/1/2025 13:02;;0
28/1/2025 14:00;6.17;6.41
28/1/2025 15:00;6.01;6.38
28/1/2025 15:41;0;
28/1/2025 15:41;4.32;
28/1/2025 15:45;0;
28/1/2025 16:00;6.11;6.4
28/1/2025 16:40;0;
28/1/2025 16:40;5.14;
28/1/2025 16:55;;0
28/1/2025 16:55;;0
29/1/2025 06:23;;0
29/1/2025 06:43;0;
29/1/2025 07:00;6.2;6.52
29/1/2025 08:00;6.18;6.22
29/1/2025 09:00;6.15;6.19
29/1/2025 10:00;5.96;6.2
29/1/2025 10:21;;0
29/1/2025 10:21;;5.93
29/1/2025 10:44;0;
29/1/2025 10:44;6.08;
29/1/2025 10:56;0;
29/1/2025 11:00;6.37;
29/1/2025 12:00;7.36;
29/1/2025 12:05;0;
29/1/2025 12:05;0;
29/1/2025 12:23;;0
29/1/2025 13:00;;6.24
29/1/2025 14:00;;6.3
29/1/2025 14:46;;0
29/1/2025 14:46;;2.7
29/1/2025 15:24;;0
29/1/2025 16:00;;3.11
29/1/2025 16:48;;0
29/1/2025 16:48;;2
30/1/2025 06:01;;0
30/1/2025 07:00;;6.55
30/1/2025 08:00;;6.45
30/1/2025 09:00;;6.39
30/1/2025 09:01;0;
30/1/2025 10:00;6.02;6.33
30/1/2025 10:01;;0
30/1/2025 10:01;;5.04
30/1/2025 10:32;;0
30/1/2025 11:00;6.24;6.25
30/1/2025 11:52;0;
30/1/2025 11:52;5.4;
30/1/2025 12:00;;6.39
30/1/2025 12:08;0;
30/1/2025 12:15;;0
30/1/2025 12:15;;7
30/1/2025 13:00;6.31;
30/1/2025 13:13;;0
30/1/2025 13:44;0;
30/1/2025 13:44;3.6;
30/1/2025 13:46;0;
30/1/2025 13:46;0;
30/1/2025 13:46;3.9;
30/1/2025 13:59;0;
30/1/2025 13:59;0;
30/1/2025 13:59;0;
30/1/2025 14:00;;6.2
30/1/2025 15:00;;6.2
30/1/2025 15:14;0;
30/1/2025 15:14;0;
30/1/2025 15:14;5.91;
30/1/2025 15:15;0;
30/1/2025 15:17;0;
30/1/2025 15:17;5.1;
30/1/2025 15:18;0;
30/1/2025 16:00;5.8;6.2
30/1/2025 17:00;5.79;6.19
30/1/2025 17:14;;0
30/1/2025 17:14;;0
30/1/2025 17:14;0;
30/1/2025 17:14;4.98;
31/1/2025 06:09;0;
31/1/2025 06:23;;0
31/1/2025 07:00;6.5;6.32
31/1/2025 08:00;6.22;6.28
31/1/2025 09:00;6.22;6.23
31/1/2025 10:00;6.26;6.24
31/1/2025 10:09;0;
31/1/2025 10:09;3;
31/1/2025 10:12;0;
31/1/2025 10:25;;0
31/1/2025 10:25;;5.4
31/1/2025 10:29;;0
31/1/2025 11:00;6.32;6.27
31/1/2025 11:51;0;
31/1/2025 11:51;0;
31/1/2025 11:52;;0
31/1/2025 11:52;;0
31/1/2025 11:59;0;
31/1/2025 12:00;6.34;
31/1/2025 12:01;;0
31/1/2025 13:00;6.34;6.21
31/1/2025 13:58;0;
31/1/2025 13:58;5.4;
31/1/2025 13:59;0;
31/1/2025 14:00;5.93;6.1
31/1/2025 15:00;5.91;6.09
31/1/2025 16:00;6.14;6.27
31/1/2025 17:00;6.09;
3/2/2025 05:52;0;
3/2/2025 05:52;0;
3/2/2025 05:52;;0
3/2/2025 05:52;;0.01
3/2/2025 06:15;0;
3/2/2025 07:00;6.33;
3/2/2025 07:02;;0
3/2/2025 08:00;6.37;6.38
3/2/2025 09:00;6.04;6.28
3/2/2025 10:00;6.13;6.31
3/2/2025 10:16;0;
3/2/2025 10:16;6.24;
3/2/2025 10:18;0;
3/2/2025 10:27;0;
3/2/2025 10:27;5.29;
3/2/2025 10:28;0;
3/2/2025 11:00;6.18;6.42
3/2/2025 11:03;;0
3/2/2025 11:03;;6.3
3/2/2025 11:14;;0
3/2/2025 12:00;7.13;6.34
3/2/2025 12:14;0;
3/2/2025 12:14;0;
3/2/2025 12:35;;0
3/2/2025 12:35;;6.75
3/2/2025 12:46;;0
3/2/2025 12:48;0;
3/2/2025 13:00;6.27;6.39
3/2/2025 14:00;6.29;6.29
3/2/2025 15:00;6.27;6.32
3/2/2025 16:00;6.19;6.22
3/2/2025 16:00;;0
3/2/2025 16:00;;5.4
3/2/2025 16:48;0;
3/2/2025 16:48;5.4;
4/2/2025 06:09;0;
4/2/2025 06:15;;0
4/2/2025 07:00;6.5;6.35
4/2/2025 08:00;6.23;6.2
4/2/2025 09:00;6.14;6.09
4/2/2025 09:16;;0
4/2/2025 09:16;;0.04
4/2/2025 09:16;0;
4/2/2025 09:16;0.06;
4/2/2025 09:20;;0
4/2/2025 09:29;0;
4/2/2025 10:00;4.97;6.32
4/2/2025 11:00;4.48;5.1
4/2/2025 12:00;6.36;5.12
4/2/2025 12:01;0;
4/2/2025 12:01;1.8;
4/2/2025 12:19;0;
4/2/2025 12:20;;0
4/2/2025 12:20;;5.4
4/2/2025 12:22;;0
4/2/2025 12:29;;0
4/2/2025 12:29;;0
4/2/2025 12:47;;0
4/2/2025 13:00;6.34;4.87
4/2/2025 14:00;4.83;4.88
4/2/2025 15:00;4.88;4.92
4/2/2025 16:00;4.88;4.92
4/2/2025 16:07;;0
4/2/2025 16:07;;2.57
4/2/2025 16:20;0;
4/2/2025 16:20;5.89;
5/2/2025 06:37;0;
5/2/2025 06:41;;0
5/2/2025 07:00;6.4;4.9
5/2/2025 08:00;6.37;3.19
5/2/2025 09:00;6.32;3.16
5/2/2025 10:00;6.33;3.19
5/2/2025 10:38;0;
5/2/2025 10:38;6.14;
5/2/2025 10:41;;0
5/2/2025 10:41;;5.89
5/2/2025 10:54;0;
5/2/2025 11:00;6.31;
5/2/2025 12:00;6.34;
5/2/2025 12:06;0;
5/2/2025 12:06;0;
5/2/2025 12:13;;0
5/2/2025 12:43;0;
5/2/2025 13:00;4.95;6.31
5/2/2025 13:16;;0
5/2/2025 13:16;;3.96
5/2/2025 13:17;;0
5/2/2025 14:00;4.95;6.26
5/2/2025 15:00;4.81;6.25
5/2/2025 16:00;4.83;6.24
5/2/2025 16:16;0;
5/2/2025 16:16;0;
5/2/2025 16:31;;0
5/2/2025 16:31;;7.2
5/2/2025 16:37;;0
5/2/2025 17:00;;6.44
5/2/2025 17:11;0;
5/2/2025 17:17;;0
5/2/2025 17:17;;3.09
5/2/2025 17:36;0;
5/2/2025 17:36;0;
6/2/2025 06:38;;0
6/2/2025 07:00;;6.31
6/2/2025 07:04;0;
6/2/2025 08:00;5.03;6.29
6/2/2025 09:00;5.64;4.59
6/2/2025 09:45;;0
6/2/2025 09:45;;4.43
6/2/2025 10:00;6.34;
6/2/2025 10:50;;0
6/2/2025 11:00;6.35;4.9
6/2/2025 11:05;0;
6/2/2025 11:05;2.57;
6/2/2025 11:50;;0
6/2/2025 11:50;;4.2
6/2/2025 11:58;0;
6/2/2025 12:00;6.41;
6/2/2025 12:01;;0
6/2/2025 13:00;6.37;4.86
6/2/2025 14:00;6.35;3.33
6/2/2025 15:00;6.29;3.3
6/2/2025 15:53;;0
6/2/2025 15:53;;6.98
6/2/2025 15:59;0;
6/2/2025 15:59;0;
6/2/2025 16:20;;0
6/2/2025 17:00;;6.47
6/2/2025 17:24;;0
6/2/2025 17:24;;0
7/2/2025 06:13;0;
7/2/2025 06:20;;0
7/2/2025 07:00;6.55;4.99
7/2/2025 08:00;4.92;4.95
7/2/2025 09:00;4.91;4.95
7/2/2025 10:00;4.89;4.92
7/2/2025 10:23;;0
7/2/2025 10:23;;2.8
7/2/2025 10:28;;0
7/2/2025 11:00;6.39;6.28
7/2/2025 11:25;;0
7/2/2025 11:25;;4.43
7/2/2025 11:48;0;
7/2/2025 11:48;8.23;
7/2/2025 11:55;0;
7/2/2025 12:00;6.39;
7/2/2025 12:48;0;
7/2/2025 12:48;3.15;
7/2/2025 12:50;0;
7/2/2025 13:00;6.41;
7/2/2025 14:00;6.42;
7/2/2025 15:00;6.35;
7/2/2025 16:00;6.41;
7/2/2025 16:50;0;
7/2/2025 16:50;6.3;
10/2/2025 05:58;;0
10/2/2025 06:00;;6.51
10/2/2025 06:05;0;
10/2/2025 07:00;5.19;6.52
10/2/2025 08:00;5.16;4.53
10/2/2025 09:00;5.14;4.51
10/2/2025 09:59;;0
10/2/2025 09:59;;3.6
10/2/2025 10:00;6.38;
10/2/2025 10:02;;0
10/2/2025 10:05;0;
10/2/2025 10:05;4.42;
10/2/2025 10:10;0;
10/2/2025 11:00;6.24;6.34
10/2/2025 11:35;0;
10/2/2025 11:35;0;
10/2/2025 11:43;0;
10/2/2025 11:48;;0
10/2/2025 11:48;;4.37
10/2/2025 12:00;6.2;
10/2/2025 12:04;;0
10/2/2025 13:00;6.22;6.26
10/2/2025 14:00;3.17;6.36
10/2/2025 14:37;;0
10/2/2025 14:37;;4.8
10/2/2025 15:00;6.27;
10/2/2025 15:44;0;
10/2/2025 15:44;5.82;
10/2/2025 15:46;0;
10/2/2025 16:00;6.3;
10/2/2025 16:23;;0
10/2/2025 16:27;;0
10/2/2025 16:27;;0
10/2/2025 17:00;6.36;
10/2/2025 17:09;0;
10/2/2025 17:09;6.75;
11/2/2025 06:02;;0
11/2/2025 06:32;0;
11/2/2025 07:00;4.92;6.52
11/2/2025 08:00;3.2;6.38
11/2/2025 09:00;3.18;6.35
11/2/2025 10:00;3.17;6.32
11/2/2025 10:03;;0
11/2/2025 10:03;;5.66
11/2/2025 10:08;;0
11/2/2025 10:32;0;
11/2/2025 10:32;2.57;
11/2/2025 10:35;0;
11/2/2025 11:00;4.84;6.36
11/2/2025 11:45;0;
11/2/2025 11:45;6.75;
11/2/2025 11:49;;0
11/2/2025 11:49;;0
11/2/2025 12:07;0;
11/2/2025 13:00;6.37;
11/2/2025 13:07;0;
11/2/2025 13:07;6.37;
11/2/2025 13:15;0;
11/2/2025 14:00;6.43;
11/2/2025 15:00;6.37;
11/2/2025 16:00;6.36;
11/2/2025 16:57;0;
11/2/2025 16:57;0;
12/2/2025 06:22;0;
12/2/2025 06:30;;0
12/2/2025 07:00;6.43;4.88
12/2/2025 08:00;6.37;3.18
12/2/2025 09:00;6.33;3.17
12/2/2025 09:34;0;
12/2/2025 09:34;6.17;
12/2/2025 09:35;0;
12/2/2025 10:00;6.27;6.11
12/2/2025 10:22;0;
12/2/2025 10:22;0;
12/2/2025 10:31;;0
12/2/2025 10:31;;4.32
12/2/2025 10:37;0;
12/2/2025 10:50;;0
12/2/2025 11:00;6.4;6.12
12/2/2025 11:54;;0
12/2/2025 11:54;;0
12/2/2025 12:00;6.44;
12/2/2025 13:00;6.44;
12/2/2025 14:00;7.36;
12/2/2025 14:38;0;
12/2/2025 14:38;0;
12/2/2025 15:36;0;
12/2/2025 16:00;6.59;
12/2/2025 17:00;6.45;
12/2/2025 17:02;0;
12/2/2025 17:02;0;
13/2/2025 06:02;0;
13/2/2025 07:00;6.33;
13/2/2025 07:03;;0
13/2/2025 08:00;6.25;5.02
13/2/2025 09:00;4.58;5.54
13/2/2025 10:00;3.98;5.59
13/2/2025 10:03;0;
13/2/2025 10:03;5.4;
13/2/2025 11:00;;6.27
13/2/2025 11:03;;0
13/2/2025 11:03;;6.3
13/2/2025 11:05;;0
13/2/2025 11:52;;0
13/2/2025 11:52;;4.2
13/2/2025 12:01;;0
13/2/2025 12:09;0;
13/2/2025 13:00;5.04;6.38
13/2/2025 14:00;5.05;4.67
13/2/2025 15:00;4.98;4.66
13/2/2025 16:00;4.97;4.63
13/2/2025 16:01;;0
13/2/2025 16:01;;4.43
13/2/2025 16:06;;0
13/2/2025 16:11;0;
13/2/2025 16:11;5.63;
13/2/2025 16:37;0;
13/2/2025 16:37;0;
13/2/2025 17:00;;6.47
13/2/2025 17:10;;0
13/2/2025 17:10;;4.95
14/2/2025 06:17;;0
14/2/2025 06:45;0;
14/2/2025 07:00;5;6.51
14/2/2025 08:00;4.98;4.95
14/2/2025 09:00;4.95;4.94
14/2/2025 10:00;4.91;4.91
14/2/2025 10:19;;0
14/2/2025 10:19;;3.4
14/2/2025 10:23;;0
14/2/2025 10:45;0;
14/2/2025 10:45;3.93;
14/2/2025 10:51;0;
14/2/2025 11:00;4.91;6.39
14/2/2025 11:36;0;
14/2/2025 11:36;6.4;
14/2/2025 11:47;0;
14/2/2025 12:00;6.3;4.89
14/2/2025 12:00;;0
14/2/2025 12:00;;0
14/2/2025 12:22;;0
14/2/2025 13:00;6.3;6.44
14/2/2025 13:33;;0
14/2/2025 13:33;;0
14/2/2025 13:36;;0
14/2/2025 14:00;6.25;4.88
14/2/2025 15:00;4.84;6.32
14/2/2025 15:47;0;
14/2/2025 15:47;0;
14/2/2025 16:00;;6.32
14/2/2025 17:00;;6.39
14/2/2025 17:12;;0
14/2/2025 17:12;;7.2
14/2/2025 17:17;;0
14/2/2025 18:00;;6.48
14/2/2025 18:02;;0
14/2/2025 18:02;;3.6
17/2/2025 06:51;0;
17/2/2025 07:00;6.24;
17/2/2025 07:01;;0
17/2/2025 08:00;6.21;6.9
17/2/2025 09:00;3.13;6.3
17/2/2025 10:00;3.15;6.31
17/2/2025 10:51;0;
17/2/2025 10:51;3.7;
17/2/2025 10:57;0;
17/2/2025 11:00;6.07;7.36
17/2/2025 11:02;;0
17/2/2025 11:02;;6.18
17/2/2025 11:06;;0
17/2/2025 11:39;0;
17/2/2025 11:40;0;
17/2/2025 11:53;0;
17/2/2025 12:00;5.12;6.3
17/2/2025 12:43;;0
17/2/2025 12:43;;0
17/2/2025 13:00;6.37;
17/2/2025 13:05;;0
17/2/2025 14:00;6.38;4.83
17/2/2025 14:00;0;
17/2/2025 14:00;6.25;
17/2/2025 14:01;0;
17/2/2025 14:26;0;
17/2/2025 14:26;6.19;
17/2/2025 15:00;;7.36
17/2/2025 16:00;;7.36
17/2/2025 17:00;;7.36
17/2/2025 17:05;;0
17/2/2025 17:05;;0
18/2/2025 06:08;;0
18/2/2025 06:11;;0
18/2/2025 06:11;;6.12
18/2/2025 06:25;;0
18/2/2025 06:38;0;
18/2/2025 07:00;4.89;6.54
18/2/2025 08:00;3.18;6.36
18/2/2025 09:00;3.16;6.32
18/2/2025 09:59;0;
18/2/2025 09:59;3.6;
18/2/2025 09:59;0;
18/2/2025 10:00;4.77;6.3
18/2/2025 10:26;;0
18/2/2025 10:26;;5.14
18/2/2025 10:39;;0
18/2/2025 11:00;6.24;6.33
18/2/2025 11:56;0;
18/2/2025 11:56;2.57;
18/2/2025 12:00;;6.33
18/2/2025 12:38;0;
18/2/2025 13:00;5.07;6.27
18/2/2025 14:00;5.11;4.5
18/2/2025 14:40;;0
18/2/2025 14:40;;4.15
18/2/2025 14:50;;0
18/2/2025 15:00;6.32;5.12
18/2/2025 16:00;4.48;5.12
18/2/2025 16:39;0;
18/2/2025 16:39;0;
18/2/2025 17:00;;6.39
18/2/2025 17:02;;0
18/2/2025 17:02;;0
19/2/2025 06:01;0;
19/2/2025 06:39;;0
19/2/2025 07:00;6.57;4.9
19/2/2025 07:56;0;
19/2/2025 07:56;0;
19/2/2025 08:00;;6.25
19/2/2025 08:04;0;
19/2/2025 09:00;6.3;6.26
19/2/2025 10:00;6.35;3.16
19/2/2025 10:23;;0
19/2/2025 10:23;;4.5
19/2/2025 10:24;;0
19/2/2025 11:00;6.3;4.98
19/2/2025 11:05;;0
19/2/2025 11:05;;2.4
19/2/2025 11:25;0;
19/2/2025 11:25;5.93;
19/2/2025 11:36;;0
19/2/2025 12:00;;6.24
19/2/2025 12:04;0;
19/2/2025 13:00;4.78;6.24
19/2/2025 14:00;4.61;6.24
19/2/2025 14:59;0;
19/2/2025 14:59;3.38;
19/2/2025 15:00;;6.26
19/2/2025 15:03;0;
19/2/2025 15:37;;0
19/2/2025 15:37;;5.76
19/2/2025 15:45;;0
19/2/2025 16:00;6.31;4.93
19/2/2025 16:40;0;
19/2/2025 16:40;3;
19/2/2025 17:00;;6.38
19/2/2025 18:00;;6.44
19/2/2025 18:12;;0
19/2/2025 18:12;;4.5
20/2/2025 07:29;;0
20/2/2025 07:48;0;
20/2/2025 08:00;4.88;6.34
20/2/2025 09:00;4.65;5.05
20/2/2025 10:00;4.6;5.01
20/2/2025 11:00;4.6;4.99
20/2/2025 11:29;;0
20/2/2025 11:30;;3.84
20/2/2025 11:35;;0
20/2/2025 11:48;0;
20/2/2025 11:48;0;
20/2/2025 11:58;;0
20/2/2025 11:58;;9
20/2/2025 12:16;;0
20/2/2025 13:00;;6.43
20/2/2025 13:11;0;
20/2/2025 13:11;0;
20/2/2025 13:11;0.9;
20/2/2025 13:15;0;
20/2/2025 13:16;;0
20/2/2025 13:16;;0
20/2/2025 13:17;;0
20/2/2025 14:00;6.39;4.9
20/2/2025 15:00;6.27;3.28
20/2/2025 16:00;6.27;3.28
20/2/2025 16:59;;0
20/2/2025 16:59;;0
20/2/2025 17:00;6.4;
20/2/2025 17:15;0;
20/2/2025 17:15;8.64;
21/2/2025 06:18;0;
21/2/2025 06:30;;0
21/2/2025 07:00;6.47;4.96
21/2/2025 08:00;4.89;4.9
21/2/2025 08:33;0;
21/2/2025 08:33;3.6;
21/2/2025 08:34;0;
21/2/2025 09:00;6.33;4.94
21/2/2025 10:00;6.28;4.86
21/2/2025 10:31;;0
21/2/2025 10:31;;2.7
21/2/2025 10:39;;0
21/2/2025 11:00;6.36;4.87
21/2/2025 11:04;0;
21/2/2025 11:04;3.09;
21/2/2025 11:05;0;
21/2/2025 11:06;0;
21/2/2025 11:06;2.4;
21/2/2025 11:07;0;
21/2/2025 11:51;0;
21/2/2025 11:51;3;
21/2/2025 11:55;0;
21/2/2025 12:00;4.86;6.37
21/2/2025 13:00;4.87;4.85
21/2/2025 13:40;;0
21/2/2025 13:40;;0
21/2/2025 14:00;6.38;
21/2/2025 15:00;6.36;
21/2/2025 15:56;0;
21/2/2025 15:56;6.14;
22/2/2025 05:57;;0
22/2/2025 06:00;;6.59
22/2/2025 07:00;;6.58
22/2/2025 08:00;;6.54
22/2/2025 08:05;;0
22/2/2025 08:05;;5.18
22/2/2025 08:06;0;
22/2/2025 08:09;;0
22/2/2025 09:00;6.5;5.2
22/2/2025 10:00;4.53;5.17
22/2/2025 11:00;4.49;6.4
22/2/2025 11:44;0;
22/2/2025 11:44;0;
22/2/2025 12:00;;6.48
22/2/2025 12:09;;0
22/2/2025 12:09;;6.17
22/2/2025 12:16;;0
22/2/2025 12:17;;0
22/2/2025 12:17;;5.4
22/2/2025 12:18;;0
22/2/2025 12:19;;0
22/2/2025 12:19;;5.6
22/2/2025 12:20;;0
22/2/2025 12:20;;0
22/2/2025 12:20;;5.6
22/2/2025 12:21;;0
22/2/2025 12:23;;0
22/2/2025 12:23;;6.8
22/2/2025 12:29;;0
22/2/2025 12:30;;0
22/2/2025 12:30;;5.51
22/2/2025 12:31;;0
22/2/2025 12:32;;0
22/2/2025 12:32;;5.2
22/2/2025 12:33;;0
22/2/2025 12:34;;0
22/2/2025 12:34;;4.87
22/2/2025 12:35;;0
22/2/2025 12:36;;0
22/2/2025 12:36;;4.24
22/2/2025 12:37;;0
22/2/2025 12:38;;0
22/2/2025 12:38;;2.57
22/2/2025 12:39;;0
22/2/2025 12:40;;0
22/2/2025 12:40;;5.4
22/2/2025 12:41;;0
22/2/2025 12:42;;0
22/2/2025 12:42;;3.9
22/2/2025 12:43;;0
22/2/2025 12:44;;0
22/2/2025 12:44;;5.14
22/2/2025 12:45;;0
22/2/2025 12:46;;0
22/2/2025 12:46;;3.6
22/2/2025 12:53;;0
22/2/2025 12:54;;0
22/2/2025 12:54;;5
22/2/2025 12:55;;0
22/2/2025 12:57;;0
22/2/2025 12:57;;4.11
24/2/2025 04:57;;0
24/2/2025 05:00;;6.4
24/2/2025 05:50;0;
24/2/2025 06:00;5.15;6.43
24/2/2025 07:00;5.15;4.5
24/2/2025 08:00;5.11;4.48
24/2/2025 08:06;0;
24/2/2025 08:06;4.5;
24/2/2025 08:07;0;
24/2/2025 08:57;;0
24/2/2025 08:57;;4.8
24/2/2025 09:00;6.3;
24/2/2025 09:24;;0
24/2/2025 10:00;6.3;3.26
24/2/2025 11:00;6.32;3.29
24/2/2025 11:53;;0
24/2/2025 11:53;;0
24/2/2025 11:56;0;
24/2/2025 11:56;0;
24/2/2025 12:37;;0
24/2/2025 13:00;;6.25
24/2/2025 13:14;0;
24/2/2025 13:15;0;
24/2/2025 13:15;5.54;
24/2/2025 13:16;0;
24/2/2025 14:00;6.4;6.25
24/2/2025 14:21;0;
24/2/2025 14:21;0;
24/2/2025 14:35;0;
24/2/2025 15:00;4.87;6.27
24/2/2025 16:00;5.23;4.85
24/2/2025 16:38;;0
24/2/2025 16:38;;3
24/2/2025 16:41;;0
24/2/2025 17:00;6.42;6.21
24/2/2025 17:58;;0
24/2/2025 17:58;;0
24/2/2025 17:58;0;
24/2/2025 17:58;0;
25/2/2025 05:59;;0
25/2/2025 06:00;;0
25/2/2025 06:00;;0
25/2/2025 06:00;;0
25/2/2025 06:01;;0
25/2/2025 06:16;;0
25/2/2025 06:16;;0
25/2/2025 06:18;;0
25/2/2025 06:33;0;
25/2/2025 07:00;4.88;6.52
25/2/2025 08:00;3.2;6.36
25/2/2025 09:00;3.18;6.35
25/2/2025 09:59;0;
25/2/2025 09:59;4.5;
25/2/2025 10:00;;6.33
25/2/2025 10:00;0;
25/2/2025 10:19;;0
25/2/2025 10:19;;6.8
25/2/2025 10:31;;0
25/2/2025 11:00;6.19;6.23
25/2/2025 11:57;;0
25/2/2025 11:57;;0
25/2/2025 11:58;0;
25/2/2025 11:58;7.2;
25/2/2025 13:14;0;
25/2/2025 13:40;;0
25/2/2025 14:00;6.47;3.06
25/2/2025 14:12;0;
25/2/2025 14:12;0;
25/2/2025 14:30;;0
25/2/2025 14:30;;3
25/2/2025 14:42;;0
25/2/2025 15:00;;6.38
25/2/2025 16:00;;6.39
25/2/2025 17:00;;6.53
25/2/2025 17:15;;0
25/2/2025 17:15;;3.6
26/2/2025 06:10;0;
26/2/2025 06:39;;0
26/2/2025 07:00;6.59;4.94
26/2/2025 08:00;6.41;3.19
26/2/2025 08:38;;0
26/2/2025 08:38;;0
26/2/2025 09:00;6.36;
26/2/2025 09:01;;0
26/2/2025 10:00;6.33;4.81
26/2/2025 10:11;0;
26/2/2025 10:11;4.11;
26/2/2025 10:15;0;
26/2/2025 11:00;6.31;6.26
26/2/2025 11:44;;0
26/2/2025 11:44;;6.4
26/2/2025 11:57;;0
26/2/2025 11:59;0;
26/2/2025 11:59;0;
26/2/2025 12:00;;6.35
26/2/2025 12:19;0;
26/2/2025 13:00;4.9;6.43
26/2/2025 13:42;;0
26/2/2025 13:42;;0
26/2/2025 13:44;;0
26/2/2025 14:00;6.38;4.86
26/2/2025 15:00;4.87;4.87
26/2/2025 16:00;4.88;4.88
26/2/2025 16:19;0;
26/2/2025 16:19;7.2;
26/2/2025 16:22;0;
26/2/2025 17:00;4.93;6.4
26/2/2025 17:00;;0
26/2/2025 17:00;;3.6
26/2/2025 17:54;0;
26/2/2025 17:54;4.8;
27/2/2025 05:58;;0
27/2/2025 06:00;;6.4
27/2/2025 06:51;0;
27/2/2025 07:00;6.4;6.41
27/2/2025 08:00;6.38;3.21
27/2/2025 09:00;6.34;6.22
27/2/2025 09:43;0;
27/2/2025 09:43;0;
27/2/2025 09:58;;0
27/2/2025 09:58;;4.5
27/2/2025 10:23;;0
27/2/2025 11:00;;6.2
27/2/2025 12:00;;6.29
27/2/2025 12:53;;0
27/2/2025 12:53;;0
28/2/2025 06:16;0;
28/2/2025 06:26;;0
28/2/2025 07:00;6.55;4.97
28/2/2025 07:51;0;
28/2/2025 07:51;6.84;
28/2/2025 08:00;;6.31
28/2/2025 08:31;0;
28/2/2025 09:00;5.02;6.29
28/2/2025 10:00;5.04;4.65
28/2/2025 10:26;;0
28/2/2025 10:27;;5.28
28/2/2025 10:32;;0
28/2/2025 11:00;6.28;6.14
28/2/2025 11:43;0;
28/2/2025 11:43;2.77;
28/2/2025 12:00;;6.3
28/2/2025 12:10;;0
28/2/2025 12:10;;6.12
28/2/2025 12:13;;0
28/2/2025 13:00;;6.42
28/2/2025 13:32;;0
28/2/2025 13:32;;5.1
28/2/2025 13:33;;0
28/2/2025 14:00;;6.42
28/2/2025 15:00;;6.39
28/2/2025 15:41;0;
28/2/2025 16:00;3.04;6.4
28/2/2025 16:34;;0
28/2/2025 16:34;;4.5
28/2/2025 17:00;3.12;
28/2/2025 17:11;0;
28/2/2025 17:11;5.14;
1/3/2025 06:19;0;
1/3/2025 07:00;6.65;
1/3/2025 07:28;;0
1/3/2025 08:00;6.63;6.57
1/3/2025 09:00;6.58;7.82
1/3/2025 10:00;6.55;0
1/3/2025 10:19;0;
1/3/2025 10:19;5.4;
1/3/2025 10:41;0;
1/3/2025 10:44;;0
1/3/2025 10:44;;0
1/3/2025 11:00;6.47;
1/3/2025 12:00;6.46;
1/3/2025 12:48;;0
1/3/2025 13:00;6.4;4.93
1/3/2025 14:00;4.92;4.99
1/3/2025 14:09;0;
1/3/2025 14:09;0;
1/3/2025 14:13;;0
1/3/2025 14:13;;6.6
3/3/2025 06:05;0;
3/3/2025 07:00;6.56;
3/3/2025 07:41;0;
3/3/2025 07:41;2.8;
3/3/2025 07:51;0;
3/3/2025 08:00;6.29;
3/3/2025 09:00;6.3;
3/3/2025 09:00;;0
3/3/2025 10:00;6.24;4.87
3/3/2025 11:00;5.63;5.26
3/3/2025 11:49;0;
3/3/2025 11:49;3.6;
3/3/2025 11:49;0;
3/3/2025 12:00;6.23;5.29
3/3/2025 13:00;6.32;4.91
3/3/2025 13:01;;0
3/3/2025 13:01;;0
3/3/2025 13:13;;0
3/3/2025 13:44;0;
3/3/2025 13:44;0;
3/3/2025 13:56;0;
3/3/2025 14:00;5.13;6.33
3/3/2025 15:00;5.12;6.23
3/3/2025 16:00;3.31;6.3
3/3/2025 16:18;0;
3/3/2025 16:18;2.77;
3/3/2025 16:24;;0
3/3/2025 16:24;;6.22
3/3/2025 17:17;;0
3/3/2025 18:00;;6.61
3/3/2025 19:00;;6.64
3/3/2025 19:21;;0
3/3/2025 19:21;;0
4/3/2025 05:59;0;
4/3/2025 06:00;6.6;
4/3/2025 06:32;;0
4/3/2025 07:00;6.61;5.07
4/3/2025 08:00;5.32;4.66
4/3/2025 09:00;5.25;4.63
4/3/2025 09:05;0;
4/3/2025 09:05;0;
4/3/2025 09:08;0;
4/3/2025 10:00;4.98;6.5
4/3/2025 10:32;;0
4/3/2025 10:32;;3.6
4/3/2025 10:34;;0
4/3/2025 11:00;6.41;5.75
4/3/2025 11:51;0;
4/3/2025 11:51;4.71;
4/3/2025 12:00;;6.39
4/3/2025 12:01;;0
4/3/2025 12:01;;6.43
4/3/2025 12:43;;0
4/3/2025 13:00;;6.34
4/3/2025 14:00;;6.38
4/3/2025 14:10;;0
4/3/2025 14:10;;6.65
4/3/2025 14:23;0;
4/3/2025 14:35;;0
4/3/2025 15:00;6.47;3.12
4/3/2025 15:07;0;
4/3/2025 15:07;0;
4/3/2025 16:00;;3.13
4/3/2025 17:00;;7.36
4/3/2025 18:00;;7.36
4/3/2025 18:05;;0
4/3/2025 18:05;;0
5/3/2025 04:54;;0
5/3/2025 04:57;;0
5/3/2025 04:57;;0
5/3/2025 04:58;;0
5/3/2025 05:00;;6.54
5/3/2025 06:00;;6.58
5/3/2025 06:39;0;
5/3/2025 07:00;4.95;6.56
5/3/2025 08:00;3.2;6.41
5/3/2025 08:58;;0
5/3/2025 08:58;;0
5/3/2025 09:00;6.23;
5/3/2025 09:00;;0
5/3/2025 10:00;6.23;0
5/3/2025 10:30;0;
5/3/2025 10:30;0;
5/3/2025 10:32;0;
5/3/2025 11:00;6.29;0
5/3/2025 11:01;;0
5/3/2025 11:01;;0
5/3/2025 11:18;;0
5/3/2025 12:00;6.29;4.92
5/3/2025 13:00;4.85;6.4
5/3/2025 13:46;0;
5/3/2025 13:46;1.8;
5/3/2025 13:47;0;
5/3/2025 14:00;4.91;6.46
5/3/2025 14:58;0;
5/3/2025 14:58;1.13;
5/3/2025 15:00;;6.5
5/3/2025 15:10;0;
5/3/2025 15:19;;0
5/3/2025 15:19;;0
5/3/2025 16:00;6.44;
5/3/2025 17:00;6.45;
5/3/2025 17:11;0;
5/3/2025 17:11;6.48;
6/3/2025 06:00;;0
6/3/2025 06:23;0;
6/3/2025 07:00;5.25;6.54
6/3/2025 08:00;5.23;4.57
6/3/2025 09:00;5.22;4.56
6/3/2025 09:23;;0
6/3/2025 09:23;;0
6/3/2025 09:24;;0
6/3/2025 10:00;6.4;4.92
6/3/2025 10:18;0;
6/3/2025 10:18;0;
6/3/2025 10:20;0;
6/3/2025 11:00;0;6.43
6/3/2025 12:00;0;6.41
6/3/2025 12:08;0;
6/3/2025 12:08;0;
6/3/2025 12:59;;0
6/3/2025 12:59;;4.63
6/3/2025 13:00;;0
6/3/2025 14:00;;6.35
6/3/2025 15:00;;6.3
6/3/2025 15:13;;0
6/3/2025 15:13;;0
6/3/2025 15:31;;0
6/3/2025 16:00;;6.29
6/3/2025 17:00;;6.33
6/3/2025 18:00;;6.42
6/3/2025 18:49;;0
6/3/2025 18:49;;1.8
7/3/2025 06:12;;0
7/3/2025 06:32;0;
7/3/2025 07:00;5;6.47
7/3/2025 08:00;5.13;4.94
7/3/2025 09:00;5.08;4.47
7/3/2025 09:41;;0
7/3/2025 09:41;;4.5
7/3/2025 09:42;;0
7/3/2025 10:00;6.25;6.25
7/3/2025 10:33;0;
7/3/2025 10:33;3.6;
7/3/2025 10:51;;0
7/3/2025 10:51;;0
7/3/2025 11:08;0;
7/3/2025 11:11;0;
7/3/2025 11:11;0;
7/3/2025 11:12;0;
7/3/2025 11:13;0;
7/3/2025 11:13;0;
7/3/2025 11:26;0;
7/3/2025 12:00;6.42;
7/3/2025 13:00;6.43;
7/3/2025 13:12;;0
7/3/2025 14:00;6.37;4.89
7/3/2025 14:35;0;
7/3/2025 14:35;0;
7/3/2025 15:00;;6.27
7/3/2025 15:13;0;
7/3/2025 16:00;3.05;6.28
7/3/2025 17:00;3.1;6.35
7/3/2025 17:12;;0
7/3/2025 17:12;;7.71
7/3/2025 17:13;;0
7/3/2025 17:28;0;
7/3/2025 17:28;0;
7/3/2025 18:00;;6.46
7/3/2025 18:06;;0
7/3/2025 18:06;;0
8/3/2025 07:53;0;
8/3/2025 08:00;6.23;
8/3/2025 09:00;6.23;
8/3/2025 10:00;6.24;
8/3/2025 11:00;6.24;
8/3/2025 11:23;;0
8/3/2025 11:53;0;
8/3/2025 11:53;0;
8/3/2025 12:00;;6.39
8/3/2025 13:00;;6.39
8/3/2025 14:00;;6.39
8/3/2025 14:26;;0
8/3/2025 14:26;;3.96
10/3/2025 06:08;0;
10/3/2025 06:10;;0
10/3/2025 07:00;6.49;5.01
10/3/2025 08:00;4.88;4.91
10/3/2025 09:00;4.88;4.9
10/3/2025 10:00;4.9;4.92
10/3/2025 10:03;0;
10/3/2025 10:03;4.32;
10/3/2025 10:05;0;
10/3/2025 10:11;;0
10/3/2025 10:11;;4.8
10/3/2025 10:14;;0
10/3/2025 11:00;6.42;4.96
10/3/2025 11:41;;0
10/3/2025 11:41;;5.14
10/3/2025 11:48;;0
10/3/2025 12:00;6.44;4.88
10/3/2025 12:19;0;
10/3/2025 12:19;0;
10/3/2025 12:45;0;
10/3/2025 13:00;5.09;6.31
10/3/2025 14:00;5.08;4.5
10/3/2025 14:19;;0
10/3/2025 14:19;;0
10/3/2025 14:37;;0
10/3/2025 15:00;6.35;4.87
10/3/2025 16:00;5.08;4.5
10/3/2025 16:42;0;
10/3/2025 16:42;0;
10/3/2025 16:51;;0
10/3/2025 16:51;;6.22
11/3/2025 06:02;;0
11/3/2025 07:00;;6.49
11/3/2025 07:11;0;
11/3/2025 08:00;4.89;6.42
11/3/2025 09:00;4.53;5.14
11/3/2025 09:19;0;
11/3/2025 09:19;4.95;
11/3/2025 09:19;0;
11/3/2025 09:20;0;
11/3/2025 09:20;7.2;
11/3/2025 09:51;;0
11/3/2025 09:51;;0
11/3/2025 09:52;;0
11/3/2025 09:53;;0
11/3/2025 09:53;;0
11/3/2025 10:37;0;
11/3/2025 10:54;0;
11/3/2025 10:54;5.4;
11/3/2025 12:20;;0
11/3/2025 12:21;;0
11/3/2025 12:21;;2.4
11/3/2025 12:22;;0
11/3/2025 12:23;;0
11/3/2025 12:23;;6.22
11/3/2025 12:23;;0
11/3/2025 12:24;;0
11/3/2025 12:24;;6.48
11/3/2025 12:35;;0
11/3/2025 12:36;;0
11/3/2025 12:36;;6
11/3/2025 13:13;0;
11/3/2025 13:14;0;
11/3/2025 13:14;3.09;
11/3/2025 13:16;0;
11/3/2025 13:18;0;
11/3/2025 13:18;7.43;
11/3/2025 13:20;0;
11/3/2025 13:21;0;
11/3/2025 13:21;6.78;
11/3/2025 13:24;0;
11/3/2025 13:26;0;
11/3/2025 13:26;4.63;
11/3/2025 13:28;0;
11/3/2025 13:29;0;
11/3/2025 13:29;4.32;
11/3/2025 13:32;0;
11/3/2025 13:33;0;
11/3/2025 13:33;4.5;
11/3/2025 13:34;0;
11/3/2025 13:35;0;
11/3/2025 13:35;3.6;
11/3/2025 13:35;;0
11/3/2025 13:36;;0
11/3/2025 13:36;;6.4
11/3/2025 13:45;0;
11/3/2025 13:46;0;
11/3/2025 13:46;5.89;
11/3/2025 13:54;;0
11/3/2025 13:54;0;
11/3/2025 13:56;;0
11/3/2025 13:56;;5.82
11/3/2025 13:56;0;
11/3/2025 13:56;6.14;
11/3/2025 13:57;;0
11/3/2025 13:59;;0
11/3/2025 13:59;;6.55
11/3/2025 13:59;;0
11/3/2025 14:00;;11.5
11/3/2025 14:09;0;
11/3/2025 14:10;0;
11/3/2025 14:10;3.93;
11/3/2025 14:13;0;
11/3/2025 14:14;;0
11/3/2025 14:14;;3.6
11/3/2025 14:14;0;
11/3/2025 14:14;3.96;
11/3/2025 14:20;0;
11/3/2025 14:21;0;
11/3/2025 14:21;8.1;
11/3/2025 14:25;0;
11/3/2025 14:26;0;
11/3/2025 14:26;6.17;
11/3/2025 14:44;0;
11/3/2025 14:46;0;
11/3/2025 14:46;0;
11/3/2025 14:47;0;
11/3/2025 14:50;0;
11/3/2025 14:50;0;
11/3/2025 14:51;0;
11/3/2025 14:53;0;
11/3/2025 14:53;0;
11/3/2025 14:57;0;
11/3/2025 14:58;0;
11/3/2025 14:58;3.6;
11/3/2025 14:59;0;
11/3/2025 15:00;6.24;
11/3/2025 15:00;0;
11/3/2025 15:00;9.23;
11/3/2025 15:07;0;
11/3/2025 15:08;0;
11/3/2025 15:08;4.32;
11/3/2025 15:09;0;
11/3/2025 15:13;0;
11/3/2025 15:13;3.6;
11/3/2025 15:15;0;
11/3/2025 15:50;;0
11/3/2025 15:51;;0
11/3/2025 15:51;;4.5
11/3/2025 15:55;;0
11/3/2025 16:00;7.36;11.5
11/3/2025 16:44;;0
11/3/2025 16:44;;0
11/3/2025 17:00;6.4;
11/3/2025 18:00;7.36;
11/3/2025 18:09;0;
11/3/2025 18:09;7.85;
12/3/2025 06:48;0;
12/3/2025 06:49;0;
12/3/2025 06:49;7.71;
12/3/2025 06:49;;0
12/3/2025 06:50;;0
12/3/2025 06:50;;3.6
12/3/2025 06:51;;0
12/3/2025 06:52;0;
12/3/2025 06:53;0;0
12/3/2025 06:53;3.6;5.08
12/3/2025 06:58;;0
12/3/2025 06:58;0;
12/3/2025 07:00;4.93;4.92
12/3/2025 07:00;;0
12/3/2025 07:00;;5.4
12/3/2025 07:00;0;
12/3/2025 07:00;0;
12/3/2025 07:04;0;
12/3/2025 07:05;0;
12/3/2025 07:05;6.75;
12/3/2025 07:16;;0
12/3/2025 07:17;;0
12/3/2025 07:17;;6.12
12/3/2025 07:19;;0
12/3/2025 07:19;;0
12/3/2025 07:19;;4.4
12/3/2025 07:45;0;
12/3/2025 08:00;6.4;
12/3/2025 08:02;;0
12/3/2025 08:03;;0
12/3/2025 08:03;;6.09
12/3/2025 08:04;;0
12/3/2025 08:05;;0
12/3/2025 08:06;;5.04
12/3/2025 08:07;;0
12/3/2025 08:09;;0
12/3/2025 08:09;;3.09
12/3/2025 08:32;;0
12/3/2025 08:45;;0
12/3/2025 08:45;;0
12/3/2025 08:45;;0
12/3/2025 09:00;6.38;4.82
12/3/2025 10:00;5.17;4.53
12/3/2025 11:00;5.16;4.53
12/3/2025 11:38;0;
12/3/2025 11:38;4.08;
12/3/2025 11:58;;0
12/3/2025 11:58;;6.4
12/3/2025 12:00;0;
12/3/2025 12:33;;0
12/3/2025 12:34;;0
12/3/2025 12:34;;5.14
12/3/2025 13:00;6.37;
12/3/2025 13:10;;0
12/3/2025 13:22;;0
12/3/2025 13:22;;1.5
12/3/2025 13:26;;0
12/3/2025 13:27;;0
12/3/2025 13:27;;3.96
12/3/2025 13:34;;0
12/3/2025 14:00;6.38;4.88
12/3/2025 15:00;4.9;4.92
12/3/2025 16:00;4.89;4.92
12/3/2025 16:01;0;
12/3/2025 16:01;2.16;
12/3/2025 16:54;;0
12/3/2025 16:54;;6
13/3/2025 06:10;0;
13/3/2025 06:10;0;
13/3/2025 06:10;0;
13/3/2025 06:12;0;
13/3/2025 06:12;0;
13/3/2025 06:12;3.93;
13/3/2025 06:15;0;
13/3/2025 06:16;0;
13/3/2025 06:16;5.1;
13/3/2025 06:17;0;
13/3/2025 06:18;0;
13/3/2025 06:18;0;
13/3/2025 06:57;0;
13/3/2025 06:57;0;
13/3/2025 06:57;6.48;
13/3/2025 06:58;0;
13/3/2025 07:00;6.4;
13/3/2025 07:10;;0
13/3/2025 08:00;6.45;4.87
13/3/2025 09:00;6.38;3.2
13/3/2025 10:00;6.37;3.22
13/3/2025 10:58;0;
13/3/2025 10:58;4.32;
13/3/2025 11:00;;6.18
13/3/2025 11:10;;0
13/3/2025 11:10;;6.18
13/3/2025 11:17;0;
13/3/2025 11:17;;0
13/3/2025 11:19;0;
13/3/2025 11:19;0;
13/3/2025 11:20;0;
13/3/2025 11:51;;0
13/3/2025 11:51;;7.92
13/3/2025 11:51;0;
13/3/2025 11:51;3.39;
13/3/2025 13:15;;0
13/3/2025 13:19;;0
13/3/2025 13:19;;4.71
14/3/2025 06:04;;0
14/3/2025 07:00;;6.49
14/3/2025 08:00;;6.48
14/3/2025 09:00;;6.45
14/3/2025 09:12;;0
14/3/2025 09:12;;3.6
14/3/2025 09:29;;0
14/3/2025 09:55;0;
14/3/2025 10:00;4.88;6.4
14/3/2025 11:00;4.87;4.9
14/3/2025 11:54;;0
14/3/2025 11:54;;0
14/3/2025 12:00;6.35;
14/3/2025 12:58;;0
14/3/2025 13:00;6.38;4.89
14/3/2025 13:48;0;
14/3/2025 13:48;4.4;
14/3/2025 13:49;0;
14/3/2025 14:00;4.85;6.36
14/3/2025 14:37;0;
14/3/2025 14:37;0;
14/3/2025 15:00;;6.39
14/3/2025 16:00;;6.4
14/3/2025 16:53;;0
14/3/2025 16:53;;5.91
17/3/2025 06:03;;0
17/3/2025 06:51;0;
17/3/2025 07:00;4.97;6.51
17/3/2025 08:00;6.36;5.75
17/3/2025 09:00;6.37;3.37
17/3/2025 10:00;6.37;3.36
17/3/2025 10:04;;0
17/3/2025 10:04;;0
17/3/2025 10:48;0;
17/3/2025 10:48;6.48;
17/3/2025 10:49;;0
17/3/2025 11:00;0;6.44
17/3/2025 11:58;;0
17/3/2025 11:58;;2.57
17/3/2025 12:00;6.25;
17/3/2025 13:00;6.29;
17/3/2025 14:00;6.26;
17/3/2025 14:10;;0
17/3/2025 15:00;6.24;5.23
17/3/2025 15:00;0;
17/3/2025 15:00;3.6;
17/3/2025 15:04;0;
17/3/2025 16:00;6.13;6.31
17/3/2025 16:35;;0
17/3/2025 16:35;;3.27
17/3/2025 17:00;7.36;
17/3/2025 17:02;0;
17/3/2025 17:02;0;
18/3/2025 04:56;0;
18/3/2025 05:00;6.5;
18/3/2025 06:00;6.5;
18/3/2025 06:02;;0
18/3/2025 07:00;6.4;5.16
18/3/2025 08:00;4.51;5.16
18/3/2025 08:00;0;
18/3/2025 08:00;3.96;
18/3/2025 08:00;0;
18/3/2025 09:00;5.04;6.32
18/3/2025 09:46;;0
18/3/2025 09:46;;3.6
18/3/2025 09:46;;0
18/3/2025 10:00;6.33;6.27
18/3/2025 11:00;4.85;6.28
18/3/2025 11:38;0;
18/3/2025 11:38;0;
18/3/2025 11:51;;0
18/3/2025 11:51;;0
18/3/2025 12:00;0;
18/3/2025 12:01;;0
18/3/2025 12:01;0;
18/3/2025 12:01;0;
18/3/2025 12:03;0;
18/3/2025 13:00;3.03;6.17
18/3/2025 14:00;3.03;6.18
18/3/2025 14:30;0;
18/3/2025 14:30;0;
18/3/2025 14:36;0;
18/3/2025 14:37;0;
18/3/2025 14:37;0;
18/3/2025 14:38;0;
18/3/2025 14:58;;0
18/3/2025 14:58;;5.8
18/3/2025 14:59;;0
18/3/2025 15:00;3.03;6.15
18/3/2025 16:00;3.07;6.3
18/3/2025 16:34;0;
18/3/2025 16:34;3.07;
18/3/2025 16:36;;0
18/3/2025 16:36;;5
19/3/2025 06:05;0;
19/3/2025 07:00;6.5;
19/3/2025 08:00;6.38;
19/3/2025 08:33;;0
19/3/2025 08:35;;0
19/3/2025 08:35;;2
19/3/2025 08:37;;0
19/3/2025 09:00;6.38;4.82
19/3/2025 10:00;6.31;3.12
19/3/2025 10:06;0;
19/3/2025 10:06;4.8;
19/3/2025 10:11;0;
19/3/2025 10:28;0;
19/3/2025 10:28;0;
19/3/2025 11:00;;6.16
19/3/2025 11:37;;0
19/3/2025 11:37;;6
19/3/2025 11:54;;0
19/3/2025 12:00;;6.39
19/3/2025 12:58;0;
19/3/2025 13:00;4.91;6.46
19/3/2025 14:00;6.39;5.56
19/3/2025 15:00;6.27;3.29
19/3/2025 15:55;;0
19/3/2025 15:55;;0
19/3/2025 16:00;6.32;
19/3/2025 16:14;0;
19/3/2025 16:14;5.4;
20/3/2025 06:27;;0
20/3/2025 06:30;0;
20/3/2025 07:00;5.04;6.56
20/3/2025 08:00;5.03;5.03
20/3/2025 08:00;0;
20/3/2025 08:00;4.05;
20/3/2025 08:01;0;
20/3/2025 09:00;6.49;6.46
20/3/2025 09:00;;0
20/3/2025 09:00;;3.6
20/3/2025 10:00;6.49;
20/3/2025 10:09;;0
20/3/2025 11:00;6.44;4.9
20/3/2025 11:43;;0
20/3/2025 11:43;;3
20/3/2025 11:54;0;
20/3/2025 11:54;0;
20/3/2025 12:01;;0
20/3/2025 12:35;0;
20/3/2025 13:00;4.89;6.44
20/3/2025 14:00;4.92;4.91
20/3/2025 15:00;4.85;5.23
20/3/2025 16:00;4.2;5.19
20/3/2025 16:02;;0
20/3/2025 16:02;;5.4
20/3/2025 16:06;;0
20/3/2025 16:35;0;
20/3/2025 16:35;3.3;
20/3/2025 16:42;0;
20/3/2025 16:54;;0
20/3/2025 16:54;;4.98
20/3/2025 17:00;6.29;
20/3/2025 17:13;0;
20/3/2025 17:13;7.8;
21/3/2025 06:08;;0
21/3/2025 06:38;0;
21/3/2025 07:00;4.94;6.48
21/3/2025 08:00;4.55;5.18
21/3/2025 09:00;4.5;5.1
21/3/2025 10:00;4.63;5.26
21/3/2025 10:00;;0
21/3/2025 10:00;;5.4
21/3/2025 10:01;;0
21/3/2025 10:39;0;
21/3/2025 10:39;0;
21/3/2025 11:00;;6.52
21/3/2025 11:09;0;
21/3/2025 12:00;6.41;7.36
21/3/2025 12:21;;0
21/3/2025 12:21;;0
21/3/2025 13:00;6.42;
21/3/2025 13:11;;0
21/3/2025 14:00;6.4;5.16
21/3/2025 15:00;4.48;5.11
21/3/2025 15:09;0;
21/3/2025 15:09;3.09;
21/3/2025 15:16;0;
21/3/2025 16:00;5.13;6.36
21/3/2025 16:30;0;
21/3/2025 16:30;0;
21/3/2025 16:53;;0
21/3/2025 16:53;;4.32
21/3/2025 16:54;;0
21/3/2025 17:00;;6.44
21/3/2025 17:19;;0
21/3/2025 17:19;;5.08
25/3/2025 04:58;0;
25/3/2025 05:00;6.54;
25/3/2025 06:00;6.52;
25/3/2025 06:01;;0
25/3/2025 06:16;;0
25/3/2025 06:16;;0
25/3/2025 06:18;;0
25/3/2025 07:00;6.46;4.91
25/3/2025 08:00;6.32;3.34
25/3/2025 08:58;0;
25/3/2025 08:58;8.64;
25/3/2025 09:00;;6.27
25/3/2025 09:26;0;
25/3/2025 10:00;3.3;6.32
25/3/2025 10:18;;0
25/3/2025 10:18;;7.2
25/3/2025 10:25;;0
25/3/2025 11:00;6.24;6.14
25/3/2025 11:59;0;
25/3/2025 11:59;0;
25/3/2025 12:00;;6.37
25/3/2025 12:22;0;
25/3/2025 13:00;6.14;6.35
25/3/2025 13:18;;0
25/3/2025 13:18;;6.48
25/3/2025 13:40;;0
25/3/2025 14:00;6.21;3.03
25/3/2025 14:27;;0
25/3/2025 14:27;;0
25/3/2025 14:29;;0
25/3/2025 15:00;6.2;4.97
25/3/2025 16:00;4.51;5.54
25/3/2025 16:22;0;
25/3/2025 16:22;4;
25/3/2025 17:00;;6.33
25/3/2025 17:11;;0
25/3/2025 17:11;;3.6
25/3/2025 17:15;;0
25/3/2025 18:00;;6.48
25/3/2025 18:15;;0
25/3/2025 18:15;;5.4
26/3/2025 06:18;0;
26/3/2025 06:20;;0
26/3/2025 07:00;6.45;5.19
26/3/2025 08:00;4.51;5.16
26/3/2025 08:42;;0
26/3/2025 08:42;;5.4
26/3/2025 08:43;;0
26/3/2025 09:00;4.88;6.28
26/3/2025 10:00;4.84;6.31
26/3/2025 10:20;0;
26/3/2025 10:20;5.66;
26/3/2025 10:26;0;
26/3/2025 11:00;6.18;6.32
26/3/2025 11:49;;0
26/3/2025 11:49;;0
26/3/2025 11:52;;0
26/3/2025 12:00;6.44;4.92
26/3/2025 12:05;;0
26/3/2025 12:05;;5.56
26/3/2025 12:07;0;
26/3/2025 12:07;3.6;
26/3/2025 12:10;;0
26/3/2025 12:12;0;
26/3/2025 13:00;4.93;6.41
26/3/2025 13:49;0;
26/3/2025 13:49;1.38;
26/3/2025 14:00;;6.56
26/3/2025 14:00;0;
26/3/2025 15:00;6.54;6.55
26/3/2025 16:00;7.82;6.54
26/3/2025 16:11;;0
26/3/2025 16:11;;6
26/3/2025 16:38;0;
26/3/2025 16:38;0;
26/3/2025 16:43;;0
26/3/2025 16:44;;0
26/3/2025 16:44;;0
26/3/2025 16:50;0;
26/3/2025 17:00;6.67;
26/3/2025 17:50;0;
26/3/2025 17:50;7.2;
27/3/2025 06:03;0;
27/3/2025 07:00;6.4;
27/3/2025 07:20;;0
27/3/2025 08:00;6.38;5.19
27/3/2025 09:00;4.55;5.19
27/3/2025 10:00;4.51;5.15
27/3/2025 10:04;0;
27/3/2025 10:04;4.5;
27/3/2025 11:00;;6.41
27/3/2025 11:21;;0
27/3/2025 11:21;;6.6
27/3/2025 13:14;;0
27/3/2025 13:47;0;
27/3/2025 14:00;3.04;6.26
27/3/2025 15:00;3.1;6.18
27/3/2025 16:00;3.1;0
27/3/2025 17:00;3.11;0
27/3/2025 17:11;0;
27/3/2025 17:11;0;
27/3/2025 17:14;;0
27/3/2025 17:14;;0
28/3/2025 06:10;0;
28/3/2025 07:00;6.57;
28/3/2025 08:00;6.45;
28/3/2025 08:00;;0
28/3/2025 09:00;4.83;4.89
28/3/2025 10:00;4.85;4.87
28/3/2025 10:11;0;
28/3/2025 10:11;2.83;
28/3/2025 10:22;0;
28/3/2025 11:00;4.92;6.39
28/3/2025 11:28;0;
28/3/2025 11:28;0;
28/3/2025 11:36;0;
28/3/2025 11:58;;0
28/3/2025 11:58;;0
28/3/2025 12:00;6.38;
28/3/2025 12:27;;0
28/3/2025 13:00;6.41;4.94
28/3/2025 14:00;4.95;6.35
28/3/2025 15:00;0;6.36
28/3/2025 15:27;;0
28/3/2025 15:27;;6.6
28/3/2025 15:34;;0
28/3/2025 15:38;0;
28/3/2025 15:38;0;
28/3/2025 16:00;;6.3
28/3/2025 17:00;;6.37
28/3/2025 17:02;;0
28/3/2025 17:02;;3.6
31/3/2025 06:40;;0
31/3/2025 07:00;;6.21
31/3/2025 07:48;0;
31/3/2025 08:00;6.31;6.19
31/3/2025 09:00;6.28;3.16
31/3/2025 10:00;6.23;3.13
31/3/2025 10:30;;0
31/3/2025 10:30;;0
31/3/2025 10:30;;0
31/3/2025 11:00;6.22;4.73
31/3/2025 11:39;0;
31/3/2025 11:39;4.63;
31/3/2025 11:52;0;
31/3/2025 11:56;;0
31/3/2025 11:56;;2.7
31/3/2025 12:00;6.27;
31/3/2025 12:30;;0
31/3/2025 13:00;6.32;5.13
31/3/2025 13:17;;0
31/3/2025 13:17;;3.96
31/3/2025 14:00;6.38;
31/3/2025 14:50;;0
31/3/2025 14:52;0;
31/3/2025 14:52;4.56;
31/3/2025 14:53;0;
31/3/2025 15:00;4.9;6.39
31/3/2025 16:00;4.9;4.87
31/3/2025 16:31;0;
31/3/2025 16:31;4.15;
31/3/2025 17:00;;6.53
31/3/2025 18:00;;6.6
31/3/2025 18:38;;0
31/3/2025 18:38;;6
31/3/2025 18:39;;0
31/3/2025 18:53;;0
31/3/2025 18:53;;4.32
1/4/2025 05:54;;0
1/4/2025 05:56;;0
1/4/2025 05:56;;0
1/4/2025 05:56;;0
1/4/2025 06:00;;0
1/4/2025 06:00;;0
1/4/2025 06:00;;0
1/4/2025 06:03;;0
1/4/2025 06:10;0;
1/4/2025 07:00;5.2;6.45
1/4/2025 08:00;5.14;4.52
1/4/2025 09:00;5.1;4.48
1/4/2025 09:47;;0
1/4/2025 09:47;;3.27
1/4/2025 09:47;;0
1/4/2025 10:00;6.26;6.23
1/4/2025 10:11;0;
1/4/2025 10:11;3.41;
1/4/2025 10:22;0;
1/4/2025 11:00;6.25;6.29
1/4/2025 11:37;0;
1/4/2025 11:37;4.15;
1/4/2025 12:00;;6.42
1/4/2025 12:01;;0
1/4/2025 12:01;;0
1/4/2025 12:03;0;
1/4/2025 12:28;;0
1/4/2025 13:00;6.46;5.06
1/4/2025 14:00;4.64;6.3
1/4/2025 15:00;0;6.34
1/4/2025 15:15;0;
1/4/2025 15:15;0;
1/4/2025 16:00;;6.39
1/4/2025 16:29;;0
1/4/2025 16:29;;7.88
1/4/2025 16:32;;0
1/4/2025 17:00;;6.46
1/4/2025 17:10;;0
1/4/2025 17:10;;3.6
2/4/2025 06:17;;0
2/4/2025 06:38;0;
2/4/2025 07:00;4.99;6.64
2/4/2025 08:00;3.26;6.56
2/4/2025 09:00;3.22;6.42
2/4/2025 10:00;3.2;6.41
2/4/2025 10:18;;0
2/4/2025 10:18;;4.5
2/4/2025 10:20;0;
2/4/2025 10:20;6.17;
2/4/2025 10:20;0;
2/4/2025 10:22;;0
2/4/2025 10:58;0;
2/4/2025 10:58;2.25;
2/4/2025 10:59;0;
2/4/2025 11:00;6.09;6.39
2/4/2025 11:12;;0
2/4/2025 11:12;;0
2/4/2025 12:00;6.26;
2/4/2025 12:07;0;
2/4/2025 12:07;1.29;
2/4/2025 12:09;0;
2/4/2025 12:49;0;
2/4/2025 12:49;2.4;
2/4/2025 12:58;;0
2/4/2025 13:00;;6.48
2/4/2025 13:08;0;
2/4/2025 14:00;6.39;7.82
2/4/2025 14:32;;0
2/4/2025 14:32;;0
2/4/2025 15:00;6.4;
2/4/2025 16:00;6.43;
2/4/2025 16:11;0;
2/4/2025 16:11;0;
3/4/2025 09:13;0;
3/4/2025 09:25;0;
3/4/2025 09:25;3.39;
3/4/2025 09:27;0;
3/4/2025 09:33;;0
3/4/2025 10:00;6.2;6.29
3/4/2025 11:00;3.23;6.48
3/4/2025 12:00;3.25;6.52
3/4/2025 13:00;3.23;6.42
3/4/2025 13:19;0;
3/4/2025 13:19;3.79;
3/4/2025 13:20;;0
3/4/2025 13:20;;3.6
3/4/2025 13:31;;0
3/4/2025 13:38;0;
3/4/2025 14:00;4.98;6.36
3/4/2025 15:00;4.98;4.98
3/4/2025 16:00;4.98;4.99
3/4/2025 16:08;0;
3/4/2025 16:08;0;
3/4/2025 16:16;0;
3/4/2025 16:41;0;
3/4/2025 16:41;0;
3/4/2025 17:00;;6.47
3/4/2025 17:04;;0
3/4/2025 17:04;;7.2
4/4/2025 06:33;0;
4/4/2025 06:45;;0
4/4/2025 07:00;6.46;4.95
4/4/2025 08:00;5.16;4.92
4/4/2025 09:00;5.19;4.55
4/4/2025 09:40;0;
4/4/2025 09:40;4.95;
4/4/2025 09:41;0;
4/4/2025 10:00;4.52;6.27
4/4/2025 10:46;;0
4/4/2025 10:46;;4.8
4/4/2025 11:00;6.38;
4/4/2025 11:04;0;
4/4/2025 11:04;4.37;
4/4/2025 11:10;0;
4/4/2025 11:11;;0
4/4/2025 12:00;6.35;3.34
4/4/2025 13:00;6.36;3.35
4/4/2025 13:11;;0
4/4/2025 13:11;;0
4/4/2025 14:00;6.44;
4/4/2025 15:00;6.35;
4/4/2025 15:02;;0
4/4/2025 15:10;0;
4/4/2025 15:10;2.7;
4/4/2025 15:19;0;
4/4/2025 16:00;6.27;6.39
4/4/2025 16:01;0;
4/4/2025 16:01;0;
4/4/2025 16:32;;0
4/4/2025 16:32;;0
7/4/2025 04:55;0;
7/4/2025 04:57;0;
7/4/2025 04:57;4.5;
7/4/2025 04:58;0;
7/4/2025 05:00;6.54;
7/4/2025 06:00;6.56;
7/4/2025 06:06;;0
7/4/2025 07:00;6.45;5.21
7/4/2025 08:00;4.52;5.21
7/4/2025 08:05;0;
7/4/2025 08:05;3.81;
7/4/2025 08:06;0;
7/4/2025 09:00;6.29;6.34
7/4/2025 10:00;6.36;3.32
7/4/2025 10:06;;0
7/4/2025 10:06;;2.84
7/4/2025 10:27;;0
7/4/2025 11:00;6.51;4.94
7/4/2025 11:40;0;
7/4/2025 11:40;6.8;
7/4/2025 12:00;;6.43
7/4/2025 12:27;0;
7/4/2025 13:00;4.94;6.47
7/4/2025 14:00;4.89;4.88
7/4/2025 14:28;;0
7/4/2025 14:28;;4.71
7/4/2025 15:00;6.4;
7/4/2025 15:08;;0
7/4/2025 16:00;6.37;3.34
7/4/2025 16:13;0;
7/4/2025 16:13;5.54;
7/4/2025 16:14;0;
7/4/2025 17:00;5.01;6.43
7/4/2025 18:00;5.04;6.57
7/4/2025 18:05;;0
7/4/2025 18:05;;0
7/4/2025 18:07;0;
7/4/2025 18:07;5.56;
7/4/2025 18:08;0;
7/4/2025 19:00;6.65;
7/4/2025 19:51;0;
7/4/2025 19:51;2.77;
8/4/2025 06:31;0;
8/4/2025 06:44;;0
8/4/2025 06:59;0;
8/4/2025 06:59;2.25;
8/4/2025 07:00;;6.37
8/4/2025 07:00;0;
8/4/2025 08:00;5.02;6.34
8/4/2025 08:40;0;
8/4/2025 08:40;2.4;
8/4/2025 08:41;0;
8/4/2025 09:00;6.16;6.31
8/4/2025 09:07;;0
8/4/2025 09:07;;0
8/4/2025 09:26;;0
8/4/2025 09:26;0;
8/4/2025 09:26;3.6;
8/4/2025 10:00;;6.27
8/4/2025 10:30;0;
8/4/2025 11:00;5;6.27
8/4/2025 11:59;;0
8/4/2025 11:59;;0
8/4/2025 12:00;0;
8/4/2025 12:00;0;
8/4/2025 12:02;0;
8/4/2025 13:00;6.35;
8/4/2025 14:00;6.36;
8/4/2025 15:00;6.38;
8/4/2025 15:54;;0
8/4/2025 16:00;0;6.58
8/4/2025 16:04;0;
8/4/2025 16:04;0;
8/4/2025 17:00;;14.72
8/4/2025 17:12;;0
8/4/2025 17:12;;0
9/4/2025 06:31;;0
9/4/2025 06:43;0;
9/4/2025 06:48;;0
9/4/2025 06:48;;3
9/4/2025 06:49;;0
9/4/2025 07:00;6.34;4.86
9/4/2025 08:00;6.33;3.16
9/4/2025 09:00;6.29;3.14
9/4/2025 09:55;;0
9/4/2025 09:55;;3
9/4/2025 09:55;;0
9/4/2025 10:00;6.35;4.93
9/4/2025 10:07;0;
9/4/2025 10:07;5.89;
9/4/2025 10:11;0;
9/4/2025 11:00;6.34;6.27
9/4/2025 11:12;0;
9/4/2025 11:12;0;
9/4/2025 11:38;0;
9/4/2025 11:54;0;
9/4/2025 11:54;0;
9/4/2025 11:58;;0
9/4/2025 11:58;;0
9/4/2025 12:19;0;
9/4/2025 13:00;6.38;
9/4/2025 13:28;;0
9/4/2025 14:00;6.31;4.84
9/4/2025 15:00;4.82;4.86
9/4/2025 16:00;4.83;4.85
9/4/2025 16:20;0;
9/4/2025 16:20;5.66;
9/4/2025 16:27;;0
9/4/2025 16:27;;4.5
9/4/2025 16:39;0;
9/4/2025 16:52;0;
9/4/2025 16:52;0;
9/4/2025 16:53;0;
9/4/2025 16:53;0;
9/4/2025 16:53;0;
10/4/2025 06:38;0;
10/4/2025 07:00;6.45;
10/4/2025 08:00;6.42;
10/4/2025 09:00;6.4;
10/4/2025 10:00;6.36;
10/4/2025 10:39;0;
10/4/2025 10:39;6.48;
10/4/2025 10:44;0;
10/4/2025 11:00;6.42;
10/4/2025 12:00;6.41;
10/4/2025 12:18;0;
10/4/2025 12:18;0;
10/4/2025 12:37;0;
10/4/2025 13:00;6.39;
10/4/2025 14:00;6.42;
10/4/2025 15:00;6.43;
10/4/2025 15:59;0;
10/4/2025 15:59;6.22;
11/4/2025 06:07;;0
11/4/2025 06:35;0;
11/4/2025 07:00;4.93;6.56
11/4/2025 08:00;4.92;4.89
11/4/2025 08:09;;0
11/4/2025 08:09;;6.12
11/4/2025 08:10;;0
11/4/2025 09:00;4.93;6.28
11/4/2025 10:00;4.9;6.34
11/4/2025 10:35;0;
11/4/2025 10:35;4.08;
11/4/2025 10:40;0;
11/4/2025 11:00;4.84;6.36
11/4/2025 11:47;;0
11/4/2025 11:47;;0
11/4/2025 11:49;0;
11/4/2025 11:49;0;
11/4/2025 11:55;0;
11/4/2025 12:00;6.35;
11/4/2025 13:00;6.41;
11/4/2025 13:44;;0
11/4/2025 14:00;6.43;4.82
11/4/2025 15:00;6.29;6.11
11/4/2025 15:55;0;
11/4/2025 15:55;5.66;
11/4/2025 15:57;0;
11/4/2025 16:00;6.25;6.17
11/4/2025 17:00;6.28;6.23
11/4/2025 17:31;0;
11/4/2025 17:31;0;
11/4/2025 17:44;;0
11/4/2025 17:44;;5.4
11/4/2025 17:56;;0
11/4/2025 18:00;;6.35
11/4/2025 18:14;;0
11/4/2025 18:14;;7.2
14/4/2025 09:40;;0
14/4/2025 10:00;;6.23
14/4/2025 10:40;;0
14/4/2025 10:40;;6.22
14/4/2025 11:11;;0
14/4/2025 12:00;;6.24
14/4/2025 13:00;;0
14/4/2025 14:00;;0
14/4/2025 15:00;;0
14/4/2025 15:13;;0
14/4/2025 15:13;;0
21/4/2025 06:27;;0
21/4/2025 07:00;;6.43
21/4/2025 07:11;0;
21/4/2025 08:00;5.1;6.41
21/4/2025 09:00;5.12;4.51
21/4/2025 10:00;5.1;4.5
21/4/2025 10:29;;0
21/4/2025 10:29;;6.22
21/4/2025 10:31;;0
21/4/2025 11:00;6.26;6.22
21/4/2025 11:11;0;
21/4/2025 11:12;6;
21/4/2025 11:20;;0
21/4/2025 11:20;;4.4
21/4/2025 11:23;0;
21/4/2025 11:43;0;
21/4/2025 11:43;3.6;
21/4/2025 12:44;0;
21/4/2025 12:46;;0
21/4/2025 13:00;6.26;5.84
21/4/2025 14:00;6.19;5.83
21/4/2025 15:00;4.87;5.9
21/4/2025 16:00;3.78;5.91
21/4/2025 16:16;;0
21/4/2025 16:16;;0
21/4/2025 16:45;0;
21/4/2025 16:45;9.26;
21/4/2025 16:50;0;
21/4/2025 17:00;7.36;
21/4/2025 17:11;0;
21/4/2025 17:11;5.56;
22/4/2025 04:58;0;
22/4/2025 05:00;6.51;
22/4/2025 06:00;6.53;
22/4/2025 06:03;;0
22/4/2025 07:00;6.5;5.26
22/4/2025 08:00;4.52;5.2
22/4/2025 08:58;0;
22/4/2025 08:58;0;
22/4/2025 09:00;;6.35
22/4/2025 09:02;0;
22/4/2025 10:00;4.84;6.36
22/4/2025 10:04;;0
22/4/2025 10:04;;2.25
22/4/2025 10:38;;0
22/4/2025 11:00;6.38;3.34
22/4/2025 11:50;0;
22/4/2025 11:50;7.44;
22/4/2025 12:00;;6.4
22/4/2025 12:55;;0
22/4/2025 12:55;;0
22/4/2025 13:31;;0
22/4/2025 14:00;;3.09
22/4/2025 15:00;;3.11
22/4/2025 15:45;0;
22/4/2025 16:00;6.18;3.91
22/4/2025 16:06;0;
22/4/2025 16:06;7.2;
22/4/2025 16:14;0;
22/4/2025 16:44;0;
22/4/2025 16:44;8.55;
22/4/2025 16:47;0;
22/4/2025 16:53;0;
22/4/2025 16:53;4.63;
22/4/2025 17:00;;3.91
22/4/2025 17:31;;0
22/4/2025 17:31;;0
23/4/2025 06:25;;0
23/4/2025 07:00;;6.49
23/4/2025 07:27;0;
23/4/2025 08:00;4.89;6.51
23/4/2025 09:00;3.19;6.37
23/4/2025 09:28;0;
23/4/2025 09:28;0;
23/4/2025 10:00;;7.36
23/4/2025 10:26;;0
23/4/2025 10:26;;0
23/4/2025 11:51;0;
23/4/2025 12:00;6.22;
23/4/2025 13:00;6.29;
23/4/2025 13:11;;0
23/4/2025 14:00;6.28;6.42
23/4/2025 15:00;6.44;7.82
23/4/2025 15:38;;0
23/4/2025 15:38;;0
23/4/2025 15:51;0;
23/4/2025 15:51;9.36;
23/4/2025 16:09;0;
23/4/2025 17:00;7.36;
23/4/2025 17:18;0;
23/4/2025 17:18;2;
23/4/2025 17:19;0;
23/4/2025 17:43;0;
23/4/2025 17:43;0;
24/4/2025 06:17;;0
24/4/2025 07:00;;6.49
24/4/2025 08:00;;6.43
24/4/2025 08:14;0;
24/4/2025 09:00;5.11;6.39
24/4/2025 09:58;;0
24/4/2025 09:58;;5.52
24/4/2025 09:59;;0
24/4/2025 10:00;6.29;4.81
24/4/2025 10:15;0;
24/4/2025 10:15;3.6;
24/4/2025 11:00;;6.39
24/4/2025 11:26;0;
24/4/2025 11:50;0;
24/4/2025 11:50;4.4;
24/4/2025 12:00;;6.39
24/4/2025 12:09;0;
24/4/2025 13:00;5.08;6.29
24/4/2025 13:12;0;
24/4/2025 13:12;0;
24/4/2025 13:13;0;
24/4/2025 13:19;;0
24/4/2025 13:19;;3.6
24/4/2025 13:21;;0
24/4/2025 14:00;6.33;4.84
24/4/2025 15:00;6.32;3.33
24/4/2025 16:00;6.41;3.36
24/4/2025 16:06;;0
24/4/2025 16:06;;0
24/4/2025 16:23;;0
24/4/2025 16:35;0;
24/4/2025 16:35;0;
24/4/2025 17:00;;6.59
24/4/2025 17:45;;0
24/4/2025 17:45;;0
25/4/2025 05:56;0;
25/4/2025 06:00;6.6;
25/4/2025 06:09;;0
25/4/2025 07:00;6.59;5.22
25/4/2025 08:00;4.5;5.19
25/4/2025 09:00;4.48;5.14
25/4/2025 09:57;0;
25/4/2025 09:57;4.32;
25/4/2025 09:58;0;
25/4/2025 10:00;4.82;6.32
25/4/2025 10:09;0;
25/4/2025 10:09;0;
25/4/2025 10:09;0;
25/4/2025 10:10;;0
25/4/2025 10:10;;2.57
25/4/2025 10:16;;0
25/4/2025 10:52;;0
25/4/2025 10:52;;0
25/4/2025 11:00;6.35;
25/4/2025 11:02;;0
25/4/2025 11:50;;0
25/4/2025 11:50;;0
25/4/2025 11:55;0;
25/4/2025 11:55;3.6;
25/4/2025 11:56;0;
25/4/2025 11:57;;0
25/4/2025 12:00;6.35;4.88
25/4/2025 12:01;0;
25/4/2025 12:01;0;
25/4/2025 12:04;0;
25/4/2025 13:00;4.92;6.34
25/4/2025 14:00;4.91;4.92
25/4/2025 14:20;;0
25/4/2025 14:20;;7.5
25/4/2025 14:20;;0
25/4/2025 15:00;5.35;6.34
25/4/2025 16:00;4.9;6.36
25/4/2025 16:05;0;
25/4/2025 16:05;4;
25/4/2025 16:08;0;
25/4/2025 17:00;6.38;6.44
25/4/2025 17:17;0;
25/4/2025 17:17;0;
25/4/2025 17:29;;0
25/4/2025 17:29;;6.55
26/4/2025 10:43;0;
26/4/2025 11:00;6.39;
26/4/2025 11:31;0;
26/4/2025 11:31;4.8;
28/4/2025 07:14;0;
28/4/2025 07:17;0;
28/4/2025 07:17;0;
28/4/2025 07:19;0;
28/4/2025 07:43;;0
28/4/2025 08:00;6.41;5.02
28/4/2025 09:00;6.27;3.13
28/4/2025 10:00;6.25;3.13
28/4/2025 11:00;6.31;3.15
28/4/2025 11:20;0;
28/4/2025 11:20;6.17;
28/4/2025 11:21;0;
28/4/2025 11:43;;0
28/4/2025 11:43;;2.57
28/4/2025 12:00;6.34;
28/4/2025 12:01;;0
28/4/2025 12:13;0;
28/4/2025 12:13;3.6;
28/4/2025 12:24;0;
28/4/2025 13:00;5.15;6.35
28/4/2025 14:00;5.14;4.5
28/4/2025 14:35;;0
28/4/2025 14:35;;3.6
28/4/2025 14:35;;0
28/4/2025 15:00;6.31;3.3
28/4/2025 16:00;6.31;3.31
28/4/2025 16:24;0;
28/4/2025 16:24;3.6;
28/4/2025 16:29;;0
28/4/2025 16:29;;1.8
28/4/2025 16:35;;0
28/4/2025 17:00;;6.41
28/4/2025 18:00;;6.48
28/4/2025 19:00;;6.52
28/4/2025 19:06;;0
28/4/2025 19:06;;6.43
28/4/2025 19:07;;0
28/4/2025 19:41;;0
28/4/2025 19:41;;0
29/4/2025 05:54;0;
29/4/2025 06:00;6.42;
29/4/2025 07:00;6.36;
29/4/2025 07:43;;0
29/4/2025 08:00;6.32;4.95
29/4/2025 09:00;4.57;4.96
29/4/2025 09:36;0;
29/4/2025 09:36;0;
29/4/2025 09:37;0;
29/4/2025 10:00;4.85;6.26
29/4/2025 11:00;3.42;6.24
29/4/2025 11:43;;0
29/4/2025 11:43;;4.32
29/4/2025 12:00;7.36;
29/4/2025 12:01;0;
29/4/2025 12:02;0;
29/4/2025 12:32;;0
29/4/2025 13:00;;6.32
29/4/2025 13:37;0;
29/4/2025 14:00;4.85;6.3
29/4/2025 15:00;4.66;5
29/4/2025 16:00;4.66;5.04
29/4/2025 16:21;;0
29/4/2025 16:21;;0
29/4/2025 16:52;0;
29/4/2025 16:52;0;
30/4/2025 06:11;0;
30/4/2025 07:00;6.49;
30/4/2025 08:00;6.4;
30/4/2025 08:27;;0
30/4/2025 09:00;6.41;4.86
30/4/2025 10:00;4.89;4.9
30/4/2025 10:11;0;
30/4/2025 10:11;4.32;
30/4/2025 10:18;0;
30/4/2025 11:00;6.45;6.31
30/4/2025 11:27;;0
30/4/2025 11:27;;0
30/4/2025 11:42;0;
30/4/2025 11:42;0;
30/4/2025 12:31;;0
30/4/2025 12:39;0;
30/4/2025 13:00;3.08;6.42
30/4/2025 14:00;3.08;6.45
30/4/2025 15:00;3.91;6.43
30/4/2025 16:00;3.91;6.44
30/4/2025 16:31;;0
30/4/2025 16:31;;0
30/4/2025 16:40;0;
30/4/2025 16:40;0;
30/4/2025 16:54;;0
30/4/2025 17:00;;0
30/4/2025 17:10;;0
30/4/2025 17:10;;0
