ID;Minuto a minuto;Toma;USER ID;Tarjeta;Inicio;Final;Duración(mins);Tiempo seleccionado(mins);Energía(kWh);Energía seleccionada(kWh);Modo;costo;Total(€);Token de pago;Ref Ext 1;Ref Ext 2
4971580;4971580;2;1131724;1EB318F9;30/4/2025 16:54;30/4/2025 17:10;16;;0;;CARD;;0;1000097552;;
4970680;4970680;1;1131724;1EB318F9;30/4/2025 12:39;30/4/2025 16:40;241;;6.73;10;APP;;8754.2;---;---;---
4970627;4970627;2;1149591;07C09540;30/4/2025 12:31;30/4/2025 16:31;240;;24.44;40;APP;;31770.7;---;---;---
4969805;4969805;1;1131634;D45E7EAF;30/4/2025 10:18;30/4/2025 11:42;84;;6.94;20;APP;;9015.5;---;---;---
4969233;4969233;2;1265951;73ECE76B;30/4/2025 08:27;30/4/2025 11:27;180;180;9.36;;APP;;12164.1;---;---;---
4968525;4968525;1;1131634;D45E7EAF;30/4/2025 06:11;30/4/2025 10:11;240;;22.87;40;APP;;29732.3;---;---;---
4965374;4965374;1;958228;4210747D;29/4/2025 13:37;29/4/2025 16:52;195;;16.51;;OTHER;;21459.1;---;;
4965024;4965024;2;1156412;81407EED;29/4/2025 12:32;29/4/2025 16:21;228;240;18.61;;APP;;24644.13;---;---;---
4964025;4964025;1;1135002;9D45BEFB;29/4/2025 09:37;29/4/2025 12:02;144;;8.34;60;APP;;10843.3;---;---;---
4963399;4963399;2;1156412;81407EED;29/4/2025 07:43;29/4/2025 11:43;240;240;22.29;;APP;;28970.5;---;---;---
4962797;4962797;1;1135002;9D45BEFB;29/4/2025 05:54;29/4/2025 09:36;222;;20.03;60;APP;;26041.6;---;---;---
4960418;4960418;2;1144127;D7A39F47;28/4/2025 19:07;28/4/2025 19:41;34;60;3.62;40;APP;;4709.9;---;---;---
4960304;4960304;2;1144127;D7A39F47;28/4/2025 16:35;28/4/2025 19:06;151;240;16.11;60;APP;;20948.2;---;---;---
4960099;4960099;2;1203942;72E15376;28/4/2025 14:35;28/4/2025 16:29;114;240;6.49;;APP;;8431.8;---;---;---
4959750;4959750;1;1149591;07C09540;28/4/2025 12:24;28/4/2025 16:24;240;;22.53;40;APP;;29647;---;---;---
4959658;4959658;2;1203942;72E15376;28/4/2025 12:01;28/4/2025 14:35;153;240;11.87;;APP;;15431;---;---;---
4959540;4959540;1;1143205;A2D6FE57;28/4/2025 11:21;28/4/2025 12:13;51;;5.02;5;APP;;6519.5;---;---;---
4958921;4958921;2;1270208;9230F578;28/4/2025 07:43;28/4/2025 11:43;240;240;12.68;;APP;;16482.7;---;---;---
4958855;4958855;1;1143205;A2D6FE57;28/4/2025 07:19;28/4/2025 11:20;240;;24.84;40;APP;;32295.9;---;---;---
4958835;4958835;1;1143205;A2D6FE57;28/4/2025 07:14;28/4/2025 07:17;3;;0;60;APP;;0;---;;
4950989;4950989;1;1128224;C8FCAD98;26/4/2025 10:43;26/4/2025 11:31;47;;5.07;5;APP;;6588.4;---;---;---
4947926;4947926;1;1134737;1BF4C9EC;25/4/2025 16:08;25/4/2025 17:17;69;;7.29;20;APP;;9475.7;---;---;---
4947578;4947578;2;1131493;47B77ECB;25/4/2025 14:20;25/4/2025 17:29;189;240;19.98;;APP;;25970.1;---;---;---
4946814;4946814;1;1134737;1BF4C9EC;25/4/2025 12:04;25/4/2025 16:05;241;;19.56;100;APP;;25429.3;---;---;---
4946768;4946768;2;1131493;47B77ECB;25/4/2025 11:57;25/4/2025 14:20;143;240;11.68;;APP;;15186.6;---;---;---
4946762;4946762;1;1140395;17E7BA2C;25/4/2025 11:56;25/4/2025 12:01;5;;0.45;;CARD;;0;1000093885;;
4946428;4946428;2;1131634;D45E7EAF;25/4/2025 11:02;25/4/2025 11:50;48;;3.85;10;APP;;5003.7;---;---;---
4946144;4946144;2;1131634;D45E7EAF;25/4/2025 10:16;25/4/2025 10:52;36;;2.88;20;APP;;3746.6;---;---;---
4946113;4946113;1;1140395;17E7BA2C;25/4/2025 10:09;25/4/2025 11:55;105;105;8.84;;APP;;11490.7;---;---;---
4946044;4946044;1;1140395;17E7BA2C;25/4/2025 09:58;25/4/2025 10:09;11;;0.75;;CARD;;2000;1000093787;---;---
4944796;4944796;2;1131634;D45E7EAF;25/4/2025 06:09;25/4/2025 10:10;240;;20.45;40;APP;;26587.6;---;---;---
4944735;4944735;1;1140395;17E7BA2C;25/4/2025 05:56;25/4/2025 09:57;240;;18.54;60;APP;;24102;---;---;---
4942313;4942313;2;1133277;62AAF420;24/4/2025 16:23;24/4/2025 17:45;81;;8.23;15;APP;;10695.1;---;---;---
4941750;4941750;2;1135002;9D45BEFB;24/4/2025 13:21;24/4/2025 16:06;165;;9.06;60;APP;;11783.2;---;---;---
4941719;4941719;1;1149591;07C09540;24/4/2025 13:13;24/4/2025 16:35;201;;21.03;40;APP;;27341.6;---;---;---
4941367;4941367;1;1149591;07C09540;24/4/2025 12:09;24/4/2025 13:12;62;;5.21;40;APP;;6771.7;---;---;---
4941104;4941104;1;958228;9E4D5697;24/4/2025 11:26;24/4/2025 11:50;23;60;1.89;;APP;;2458.3;---;---;---
4940633;4940633;2;1135002;9D45BEFB;24/4/2025 09:59;24/4/2025 13:19;200;;17.8;40;APP;;23141.3;---;---;---
4940098;4940098;1;1298974;18E13445;24/4/2025 08:14;24/4/2025 10:15;120;120;10.06;;APP;;13535.77;---;---;---
4939499;4939499;2;1135002;9D45BEFB;24/4/2025 06:17;24/4/2025 09:58;220;;20.05;40;APP;;26062.4;---;---;---
4937162;4937162;1;1287983;C81CD4D1;23/4/2025 17:19;23/4/2025 17:43;24;60;2.58;;APP;;3354;---;---;---
4937091;4937091;1;1287983;C81CD4D1;23/4/2025 16:09;23/4/2025 17:18;68;120;4.75;;APP;;6169.8;---;---;---
4936537;4936537;2;1133277;62AAF420;23/4/2025 13:11;23/4/2025 15:38;147;;7.97;15;APP;;10363.6;---;---;---
4936129;4936129;1;1287983;C81CD4D1;23/4/2025 11:51;23/4/2025 15:51;240;240;24.93;;APP;;32405.1;---;---;---
4934697;4934697;1;1265951;73ECE76B;23/4/2025 07:27;23/4/2025 09:28;120;120;5.97;;APP;;7759.7;---;---;---
4934368;4934368;2;1128224;C8FCAD98;23/4/2025 06:25;23/4/2025 10:26;241;;19.71;20;APP;;25625.6;---;---;---
4931993;4931993;1;958222;D6FF153E;22/4/2025 16:47;22/4/2025 16:53;6;;0.63;15;APP;;813.8;---;---;---
4931946;4931946;1;958222;D6FF153E;22/4/2025 16:14;22/4/2025 16:44;29;;3.03;20;APP;;3933.8;---;---;---
4931888;4931888;1;958222;D6FF153E;22/4/2025 15:45;22/4/2025 16:06;20;;2.06;20;APP;;2675.4;---;---;---
4931443;4931443;2;1131724;1EB318F9;22/4/2025 13:31;22/4/2025 17:31;240;;7.15;10;APP;;9292.4;---;---;---
4930521;4930521;2;958228;4210747D;22/4/2025 10:38;22/4/2025 12:55;136;;10.07;;OTHER;;13088.4;---;;
4930054;4930054;1;1203942;72E15376;22/4/2025 09:02;22/4/2025 11:50;167;240;15.67;;APP;;20367.1;---;---;---
4928991;4928991;2;1131634;D45E7EAF;22/4/2025 06:03;22/4/2025 10:04;241;;20.53;40;APP;;26692.9;---;---;---
4928704;4928704;1;1203942;72E15376;22/4/2025 04:58;22/4/2025 08:58;240;240;20.35;;APP;;26460.2;---;---;---
4926805;4926805;1;1156412;81407EED;21/4/2025 16:50;21/4/2025 17:11;20;60;2.16;;APP;;2809.3;---;---;---
4926236;4926236;2;1128224;C8FCAD98;21/4/2025 12:46;21/4/2025 16:16;210;240;18.93;;APP;;24609;---;---;---
4926229;4926229;1;1156412;81407EED;21/4/2025 12:44;21/4/2025 16:45;240;240;17.64;;APP;;22932;---;---;---
4925890;4925890;1;1144127;D7A39F47;21/4/2025 11:23;21/4/2025 11:43;19;60;1.97;80;APP;;2566.2;---;---;---
4925652;4925652;2;1143205;A2D6FE57;21/4/2025 10:31;21/4/2025 11:20;49;;5.06;5;APP;;6574.1;---;---;---
4924943;4924943;1;1144127;D7A39F47;21/4/2025 07:11;21/4/2025 11:12;240;240;21.02;40;APP;;27326;---;---;---
4924745;4924745;2;1143205;A2D6FE57;21/4/2025 06:27;21/4/2025 10:29;241;;19.32;60;APP;;25117.3;---;---;---
4896566;4896566;2;1270208;9230F578;14/4/2025 11:11;14/4/2025 15:13;241;;3.03;;CARD;;3933.8;1000088551;---;---
4896192;4896192;2;1270208;9230F578;14/4/2025 09:40;14/4/2025 10:40;60;60;6.19;;APP;;8045.7;---;---;---
4886340;4886340;2;1270208;9230F578;11/4/2025 17:56;11/4/2025 18:14;17;;1.89;;CARD;;2454.4;1000087466;---;---
4886186;4886186;1;1287983;C81CD4D1;11/4/2025 15:57;11/4/2025 17:31;93;120;5.65;;APP;;7338.5;---;---;---
4885841;4885841;2;1270208;9230F578;11/4/2025 13:44;11/4/2025 17:44;240;240;18.1;;APP;;23530;---;---;---
4885393;4885393;1;1287983;C81CD4D1;11/4/2025 11:55;11/4/2025 15:55;240;240;24.84;;APP;;32294.6;---;---;---
4885023;4885023;1;1134737;1BF4C9EC;11/4/2025 10:40;11/4/2025 11:49;69;;3.01;10;APP;;3915.6;---;---;---
4884340;4884340;2;1131493;47B77ECB;11/4/2025 08:10;11/4/2025 11:47;217;240;21.01;;APP;;27314.3;---;---;---
4883941;4883941;1;1134737;1BF4C9EC;11/4/2025 06:35;11/4/2025 10:35;240;;19.45;60;APP;;25283.7;---;---;---
4883833;4883833;2;1131493;47B77ECB;11/4/2025 06:07;11/4/2025 08:09;122;240;10.64;;APP;;13828.1;---;---;---
4881181;4881181;1;1203942;72E15376;10/4/2025 12:37;10/4/2025 15:59;202;240;21.59;;APP;;28065.7;---;---;---
4880652;4880652;1;1135002;9D45BEFB;10/4/2025 10:44;10/4/2025 12:18;94;;8.27;40;APP;;10744.5;---;---;---
4879493;4879493;1;1135002;9D45BEFB;10/4/2025 06:38;10/4/2025 10:39;240;;25.46;40;APP;;33099.3;---;---;---
4877365;4877365;1;1144127;D7A39F47;9/4/2025 16:53;9/4/2025 16:53;0;20;0;10;APP;;0;---;;
4877359;4877359;1;1144127;D7A39F47;9/4/2025 16:39;9/4/2025 16:52;12;50;0;40;APP;;0;---;;
4876985;4876985;2;1128224;C8FCAD98;9/4/2025 13:28;9/4/2025 16:27;179;;14.5;15;APP;;18850;---;---;---
4876732;4876732;1;1144127;D7A39F47;9/4/2025 12:19;9/4/2025 16:20;240;240;20.93;60;APP;;27203.8;---;---;---
4876537;4876537;1;1135123;8063448D;9/4/2025 11:38;9/4/2025 11:54;16;;0;5;APP;;0;---;;
4876165;4876165;1;1287983;C81CD4D1;9/4/2025 10:11;9/4/2025 11:12;60;60;4.09;;APP;;5311.8;---;---;---
4876096;4876096;2;958222;D6FF153E;9/4/2025 09:55;9/4/2025 11:58;122;;5.8;20;APP;;7533.5;---;---;---
4875303;4875303;2;958222;D6FF153E;9/4/2025 06:49;9/4/2025 09:55;185;;9.81;15;APP;;12755.6;---;---;---
4875271;4875271;1;1135123;8063448D;9/4/2025 06:43;9/4/2025 10:07;204;;20.96;40;APP;;27249.3;---;---;---
4875225;4875225;2;958222;D6FF153E;9/4/2025 06:31;9/4/2025 06:48;17;;1.58;40;APP;;2048.8;---;---;---
4873120;4873120;2;1133277;62AAF420;8/4/2025 15:54;8/4/2025 17:12;77;;6.69;15;APP;;8694.4;---;---;---
4872460;4872460;1;1156412;81407EED;8/4/2025 12:02;8/4/2025 16:04;241;240;16.85;;APP;;21908.9;---;---;---
4872035;4872035;1;958222;D6FF153E;8/4/2025 10:30;8/4/2025 12:00;89;;7.1;20;APP;;9227.4;---;---;---
4871743;4871743;2;1156412;81407EED;8/4/2025 09:26;8/4/2025 11:59;153;240;13.72;;APP;;17832.1;---;---;---
4871555;4871555;1;958220;AA00958220;8/4/2025 08:41;8/4/2025 09:26;44;;4.07;;OTHER;;5296.2;---;;
4871161;4871161;1;958220;AA00958220;8/4/2025 07:00;8/4/2025 08:40;100;;7.01;;OTHER;;9118.2;---;;
4871091;4871091;2;1140395;17E7BA2C;8/4/2025 06:44;8/4/2025 09:07;143;;11.68;20;APP;;15178.8;---;---;---
4871046;4871046;1;958222;D6FF153E;8/4/2025 06:31;8/4/2025 06:59;27;;2.09;40;APP;;2714.4;---;---;---
4869087;4869087;1;1144127;D7A39F47;7/4/2025 18:08;7/4/2025 19:51;103;180;11.34;40;APP;;14747.2;---;---;---
4869002;4869002;1;1144127;D7A39F47;7/4/2025 16:14;7/4/2025 18:07;113;180;8.21;60;APP;;10669.1;---;---;---
4868889;4868889;2;1128224;C8FCAD98;7/4/2025 15:08;7/4/2025 18:05;177;;13.67;20;APP;;17768.4;---;---;---
4868354;4868354;1;1144127;D7A39F47;7/4/2025 12:27;7/4/2025 16:13;225;240;20.75;60;APP;;26976.3;---;---;---
4867845;4867845;2;1128224;C8FCAD98;7/4/2025 10:27;7/4/2025 14:28;240;;20.68;40;APP;;26885.3;---;---;---
4867257;4867257;1;1203942;72E15376;7/4/2025 08:06;7/4/2025 11:40;214;240;19.11;;APP;;24839.1;---;---;---
4866761;4866761;2;1131634;D45E7EAF;7/4/2025 06:06;7/4/2025 10:06;240;;18.39;20;APP;;23910.9;---;---;---
4866527;4866527;1;1203942;72E15376;7/4/2025 04:58;7/4/2025 08:05;187;240;16.22;;APP;;21091.2;---;---;---
4866517;4866517;1;1203942;72E15376;7/4/2025 04:55;7/4/2025 04:57;1;240;0.16;;APP;;213.2;---;---;---
4857970;4857970;1;1131634;D45E7EAF;4/4/2025 15:19;4/4/2025 16:01;42;;2.85;10;APP;;3701.1;---;---;---
4857920;4857920;2;1128224;C8FCAD98;4/4/2025 15:02;4/4/2025 16:32;90;90;7.28;;APP;;9458.8;---;---;---
4856955;4856955;2;1135123;8063448D;4/4/2025 11:11;4/4/2025 13:11;119;;5.66;15;APP;;7363.2;---;---;---
4856949;4856949;1;1131634;D45E7EAF;4/4/2025 11:10;4/4/2025 15:10;240;;24.99;40;APP;;32487;---;---;---
4856528;4856528;1;1131493;47B77ECB;4/4/2025 09:41;4/4/2025 11:04;82;120;6.73;;APP;;8743.8;---;---;---
4855726;4855726;2;1135123;8063448D;4/4/2025 06:45;4/4/2025 10:46;240;;19.11;40;APP;;24840.4;---;---;---
4855671;4855671;1;1131493;47B77ECB;4/4/2025 06:33;4/4/2025 09:40;187;240;15.95;;APP;;20737.6;---;---;---
4853562;4853562;1;1133277;62AAF420;3/4/2025 16:16;3/4/2025 16:41;25;;2.71;10;APP;;3516.5;---;---;---
4853217;4853217;1;1140395;17E7BA2C;3/4/2025 13:38;3/4/2025 16:08;150;;12.4;20;APP;;16121.3;---;---;---
4853193;4853193;2;1158250;7B0734A0;3/4/2025 13:31;3/4/2025 17:04;213;;19.05;40;APP;;24770.2;---;---;---
4852122;4852122;2;1133277;62AAF420;3/4/2025 09:33;3/4/2025 13:20;226;;23.57;80;APP;;30637.1;---;---;---
4852091;4852091;1;1158250;7B0734A0;3/4/2025 09:27;3/4/2025 13:19;232;240;13.13;;APP;;17067.7;---;---;---
4852037;4852037;1;1158250;7B0734A0;3/4/2025 09:13;3/4/2025 09:25;12;;0.02;40;APP;;20.8;---;---;---
4848888;4848888;1;1203942;72E15376;2/4/2025 13:08;2/4/2025 16:11;182;240;19.19;;APP;;24941.8;---;---;---
4848846;4848846;2;1133277;62AAF420;2/4/2025 12:58;2/4/2025 14:32;94;;6.07;15;APP;;7894.9;---;---;---
4848639;4848639;1;958222;D6FF153E;2/4/2025 12:09;2/4/2025 12:49;39;;4.09;15;APP;;5322.2;---;---;---
4848308;4848308;1;958222;D6FF153E;2/4/2025 10:59;2/4/2025 12:07;67;;6.89;10;APP;;8957;---;---;---
4848158;4848158;2;1134737;1BF4C9EC;2/4/2025 10:22;2/4/2025 11:12;49;;4.69;40;APP;;6102.2;---;---;---
4848147;4848147;1;958222;D6FF153E;2/4/2025 10:20;2/4/2025 10:58;37;;2.13;100;APP;;2774.2;---;---;---
4847182;4847182;1;958222;D6FF153E;2/4/2025 06:38;2/4/2025 10:20;221;;12.39;40;APP;;16101.8;---;---;---
4847095;4847095;2;1134737;1BF4C9EC;2/4/2025 06:17;2/4/2025 10:18;241;;25.3;100;APP;;32890;---;---;---
4845158;4845158;2;1156412;81407EED;1/4/2025 16:32;1/4/2025 17:10;37;60;3.97;;APP;;5166.2;---;---;---
4844526;4844526;2;1156412;81407EED;1/4/2025 12:28;1/4/2025 16:29;240;240;23.68;;APP;;30777.5;---;---;---
4844422;4844422;1;1135002;9D45BEFB;1/4/2025 12:03;1/4/2025 15:15;191;;7.81;40;APP;;10149.1;---;---;---
4844016;4844016;1;1131634;D45E7EAF;1/4/2025 10:22;1/4/2025 11:37;75;;7.79;10;APP;;10129.6;---;---;---
4843856;4843856;2;1135002;9D45BEFB;1/4/2025 09:47;1/4/2025 12:01;133;;13.8;40;APP;;17943.9;---;---;---
4842939;4842939;1;1131634;D45E7EAF;1/4/2025 06:10;1/4/2025 10:11;241;;20.24;40;APP;;26315.9;---;---;---
4842912;4842912;2;1135002;9D45BEFB;1/4/2025 06:03;1/4/2025 09:47;224;;16.87;40;APP;;21927.1;---;---;---
4842885;4842885;2;1135002;9D45BEFB;1/4/2025 05:56;1/4/2025 06:00;3;;0;100;APP;;0;---;;
4842875;4842875;2;1135002;9D45BEFB;1/4/2025 05:54;1/4/2025 05:56;1;;0;40;APP;;0;---;;
4840854;4840854;2;1144127;D7A39F47;31/3/2025 18:39;31/3/2025 18:53;14;60;1.51;10;APP;;1968.2;---;---;---
4840548;4840548;1;1203942;72E15376;31/3/2025 14:53;31/3/2025 16:31;98;240;8;;APP;;10401.3;---;---;---
4840543;4840543;2;1144127;D7A39F47;31/3/2025 14:50;31/3/2025 18:38;227;240;22.02;60;APP;;28620.8;---;---;---
4840059;4840059;2;1144127;D7A39F47;31/3/2025 12:30;31/3/2025 13:17;46;120;3.93;;APP;;5112.9;---;---;---
4839889;4839889;1;1203942;72E15376;31/3/2025 11:52;31/3/2025 14:52;179;240;17.25;;APP;;22425;---;---;---
4839471;4839471;2;958222;D6FF153E;31/3/2025 10:30;31/3/2025 11:56;85;;5.2;40;APP;;6765.2;---;---;---
4838723;4838723;1;1143205;A2D6FE57;31/3/2025 07:48;31/3/2025 11:39;231;;23.69;60;APP;;30794.4;---;---;---
4838429;4838429;2;958222;D6FF153E;31/3/2025 06:40;31/3/2025 10:30;230;;15.42;40;APP;;20044.7;---;---;---
4828347;4828347;2;1135123;8063448D;28/3/2025 15:34;28/3/2025 17:02;87;;9.18;20;APP;;11932.7;---;---;---
4827543;4827543;2;1135123;8063448D;28/3/2025 12:27;28/3/2025 15:27;180;180;16.84;;APP;;21888.1;---;---;---
4827300;4827300;1;1128224;C8FCAD98;28/3/2025 11:36;28/3/2025 15:38;241;;12.02;40;APP;;15619.5;---;---;---
4826881;4826881;1;1131634;D45E7EAF;28/3/2025 10:22;28/3/2025 11:28;65;;5.3;10;APP;;6890;---;---;---
4826177;4826177;2;1144127;D7A39F47;28/3/2025 08:00;28/3/2025 11:58;238;240;19.67;60;APP;;25571;---;---;---
4825718;4825718;1;1131634;D45E7EAF;28/3/2025 06:10;28/3/2025 10:11;241;;22.24;40;APP;;28914.6;---;---;---
4822758;4822758;1;1131724;1EB318F9;27/3/2025 13:47;27/3/2025 17:11;203;;7.13;20;APP;;9267.7;---;---;---
4822594;4822594;2;1270208;9230F578;27/3/2025 13:14;27/3/2025 17:14;240;;8.76;10;APP;;11386.7;---;---;---
4820964;4820964;2;1149591;07C09540;27/3/2025 07:20;27/3/2025 11:21;240;;22.08;40;APP;;28705.3;---;---;---
4820674;4820674;1;1140395;17E7BA2C;27/3/2025 06:03;27/3/2025 10:04;240;;20.46;40;APP;;26591.5;---;---;---
4818780;4818780;1;1149591;07C09540;26/3/2025 16:50;26/3/2025 17:50;60;60;6.66;;APP;;8660.6;---;---;---
4818765;4818765;2;1149591;07C09540;26/3/2025 16:43;26/3/2025 16:44;0;;0;40;APP;;0;---;;
4818333;4818333;1;1133277;62AAF420;26/3/2025 14:00;26/3/2025 16:38;157;;8.33;15;APP;;10830.3;---;---;---
4817882;4817882;1;1144127;D7A39F47;26/3/2025 12:12;26/3/2025 13:49;97;120;7.91;40;APP;;10286.9;---;---;---
4817876;4817876;2;1134737;1BF4C9EC;26/3/2025 12:10;26/3/2025 16:11;240;;23.3;100;APP;;30293.9;---;---;---
4817799;4817799;2;1144127;D7A39F47;26/3/2025 11:52;26/3/2025 12:05;13;30;1.05;40;APP;;1359.8;---;---;---
4817384;4817384;1;1128224;C8FCAD98;26/3/2025 10:26;26/3/2025 12:07;101;;10.14;20;APP;;13187.2;---;---;---
4816915;4816915;2;1131493;47B77ECB;26/3/2025 08:43;26/3/2025 11:49;186;240;16.25;;APP;;21128.9;---;---;---
4816329;4816329;2;1131493;47B77ECB;26/3/2025 06:20;26/3/2025 08:42;141;240;12.01;;APP;;15609.1;---;---;---
4816317;4816317;1;1128224;C8FCAD98;26/3/2025 06:18;26/3/2025 10:20;241;;18.69;40;APP;;24302.2;---;---;---
4814346;4814346;2;1270208;9230F578;25/3/2025 17:15;25/3/2025 18:15;60;60;6.4;;APP;;8313.5;---;---;---
4813938;4813938;2;1156412;81407EED;25/3/2025 14:29;25/3/2025 17:11;161;240;14.88;;APP;;19341.4;---;---;---
4813775;4813775;2;1131724;1EB318F9;25/3/2025 13:40;25/3/2025 14:27;46;;2.3;20;APP;;2995.2;---;---;---
4813408;4813408;1;1270208;9230F578;25/3/2025 12:22;25/3/2025 16:22;240;240;18.33;;APP;;23829;---;---;---
4812912;4812912;2;1135002;9D45BEFB;25/3/2025 10:25;25/3/2025 13:18;172;;17.36;40;APP;;22565.4;---;---;---
4812617;4812617;1;1203942;72E15376;25/3/2025 09:26;25/3/2025 11:59;152;180;11.8;;APP;;15337.4;---;---;---
4811792;4811792;2;1135002;9D45BEFB;25/3/2025 06:18;25/3/2025 10:18;240;;17.08;80;APP;;22200.1;---;---;---
4811721;4811721;2;1135002;9D45BEFB;25/3/2025 06:01;25/3/2025 06:16;14;;0;40;APP;;0;---;;
4811472;4811472;1;1203942;72E15376;25/3/2025 04:58;25/3/2025 08:58;240;240;25.24;;APP;;32805.5;---;---;---
4797508;4797508;2;1140395;17E7BA2C;21/3/2025 16:54;21/3/2025 17:19;24;;2.62;;CARD;;3399.5;1000074693;---;---
4797268;4797268;1;1135123;8063448D;21/3/2025 15:16;21/3/2025 16:30;74;;2.61;10;APP;;3391.7;---;---;---
4796757;4796757;2;1140395;17E7BA2C;21/3/2025 13:11;21/3/2025 16:53;222;;20.03;20;APP;;26036.4;---;---;---
4796074;4796074;1;1135123;8063448D;21/3/2025 11:09;21/3/2025 15:09;240;240;20.71;;APP;;26923;---;---;---
4795718;4795718;2;1128224;C8FCAD98;21/3/2025 10:01;21/3/2025 12:21;140;;7.74;20;APP;;10056.8;---;---;---
4794843;4794843;1;1135123;8063448D;21/3/2025 06:38;21/3/2025 10:39;240;240;18.34;;APP;;23844.6;---;---;---
4794710;4794710;2;1128224;C8FCAD98;21/3/2025 06:08;21/3/2025 10:00;232;;20.28;40;APP;;26362.7;---;---;---
4792525;4792525;1;1156412;81407EED;20/3/2025 16:42;20/3/2025 17:13;30;60;3.18;;APP;;4131.4;---;---;---
4792440;4792440;2;1149591;07C09540;20/3/2025 16:06;20/3/2025 16:54;48;50;4.33;;APP;;5632.9;---;---;---
4791645;4791645;1;1156412;81407EED;20/3/2025 12:35;20/3/2025 16:35;240;240;18.37;;APP;;23883.6;---;---;---
4791443;4791443;2;1149591;07C09540;20/3/2025 12:01;20/3/2025 16:02;240;;20.9;40;APP;;27168.7;---;---;---
4790900;4790900;2;1143205;A2D6FE57;20/3/2025 10:09;20/3/2025 11:43;93;;7.15;40;APP;;9292.4;---;---;---
4790314;4790314;1;1131493;47B77ECB;20/3/2025 08:01;20/3/2025 11:54;233;240;20.45;;APP;;26578.5;---;---;---
4789935;4789935;1;1131493;47B77ECB;20/3/2025 06:30;20/3/2025 08:00;90;240;7.52;;APP;;9769.5;---;---;---
4789924;4789924;2;1143205;A2D6FE57;20/3/2025 06:27;20/3/2025 09:00;153;;12.33;60;APP;;16030.3;---;---;---
4787213;4787213;1;1144127;D7A39F47;19/3/2025 12:58;19/3/2025 16:14;196;240;20.02;20;APP;;26029.9;---;---;---
4786910;4786910;2;1134737;1BF4C9EC;19/3/2025 11:54;19/3/2025 15:55;241;;15.18;100;APP;;19735.3;---;---;---
4786405;4786405;1;1131634;D45E7EAF;19/3/2025 10:11;19/3/2025 10:28;17;30;0.14;;APP;;178.1;---;---;---
4785961;4785961;2;1270208;9230F578;19/3/2025 08:37;19/3/2025 11:37;180;180;13.99;;APP;;18185.7;---;---;---
4785940;4785940;2;1270208;9230F578;19/3/2025 08:33;19/3/2025 08:35;2;180;0.09;;APP;;113.1;---;---;---
4785375;4785375;1;1131634;D45E7EAF;19/3/2025 06:05;19/3/2025 10:06;240;;25.16;40;APP;;32702.8;---;---;---
4783198;4783198;2;958222;D6FF153E;18/3/2025 14:59;18/3/2025 16:36;97;;10.09;20;APP;;13120.9;---;---;---
4783130;4783130;1;1133277;62AAF420;18/3/2025 14:38;18/3/2025 16:34;115;;5.8;40;APP;;7541.3;---;---;---
4783125;4783125;1;1133277;62AAF420;18/3/2025 14:36;18/3/2025 14:37;0;150;0;;APP;;0;---;;
4782415;4782415;1;1131724;1EB318F9;18/3/2025 12:03;18/3/2025 14:30;147;;6.63;20;APP;;8622.9;---;---;---
4782408;4782408;2;958222;D6FF153E;18/3/2025 12:01;18/3/2025 14:58;177;;17.98;20;APP;;23371.4;---;---;---
4782402;4782402;1;1131724;1EB318F9;18/3/2025 12:00;18/3/2025 12:01;1;;0;20;APP;;0;---;;
4781731;4781731;2;1135002;9D45BEFB;18/3/2025 09:46;18/3/2025 11:51;124;;12.84;40;APP;;16697.2;---;---;---
4781227;4781227;1;1203942;72E15376;18/3/2025 08:00;18/3/2025 11:38;217;240;16.27;;APP;;21149.7;---;---;---
4780681;4780681;2;1135002;9D45BEFB;18/3/2025 06:02;18/3/2025 09:46;223;;17.77;40;APP;;23102.3;---;---;---
4780396;4780396;1;1203942;72E15376;18/3/2025 04:56;18/3/2025 08:00;184;240;15.87;;APP;;20636.2;---;---;---
4778435;4778435;1;1158250;7B0734A0;17/3/2025 15:04;17/3/2025 17:02;118;180;11.46;;APP;;14896.7;---;---;---
4778251;4778251;2;1143205;A2D6FE57;17/3/2025 14:10;17/3/2025 16:35;145;;13.87;40;APP;;18029.7;---;---;---
4777274;4777274;1;1158250;7B0734A0;17/3/2025 11:00;17/3/2025 15:00;240;240;20.59;;APP;;26761.8;---;---;---
4777215;4777215;2;1128224;C8FCAD98;17/3/2025 10:49;17/3/2025 11:58;68;;7.16;15;APP;;9309.3;---;---;---
4776064;4776064;1;1149591;07C09540;17/3/2025 06:51;17/3/2025 10:48;237;;23.83;40;APP;;30981.6;---;---;---
4775880;4775880;2;1128224;C8FCAD98;17/3/2025 06:03;17/3/2025 10:04;240;;17.04;40;APP;;22153.3;---;---;---
4765463;4765463;1;1140395;17E7BA2C;14/3/2025 13:49;14/3/2025 14:37;47;;3.25;;CARD;;4225;1000071035;---;---
4765242;4765242;2;1134737;1BF4C9EC;14/3/2025 12:58;14/3/2025 16:53;235;;22.84;100;APP;;29694.6;---;---;---
4764388;4764388;1;1140395;17E7BA2C;14/3/2025 09:55;14/3/2025 13:48;232;;20.02;20;APP;;26022.1;---;---;---
4764269;4764269;2;1128224;C8FCAD98;14/3/2025 09:29;14/3/2025 11:54;145;;11.52;20;APP;;14979.9;---;---;---
4763306;4763306;2;1128224;C8FCAD98;14/3/2025 06:04;14/3/2025 09:12;188;;20.05;20;APP;;26070.2;---;---;---
4760873;4760873;2;1192441;ADB2C99C;13/3/2025 13:15;13/3/2025 13:19;3;240;0.35;;APP;;448.5;---;---;---
4760351;4760351;1;958228;4210747D;13/3/2025 11:20;13/3/2025 11:51;31;;1.04;;OTHER;;2000;---;;
4760342;4760342;2;958228;9E4D5697;13/3/2025 11:17;13/3/2025 11:51;33;;3.41;;CARD;;4427.8;1000070458;---;---
4760336;4760336;1;958228;4210747D;13/3/2025 11:17;13/3/2025 11:19;2;;0;;OTHER;;2000;---;;
4759234;4759234;2;958228;9E4D5697;13/3/2025 07:10;13/3/2025 11:10;240;;13.21;;OTHER;;17169.1;---;;
4759200;4759200;1;958228;4210747D;13/3/2025 06:58;13/3/2025 10:58;240;;25.21;;OTHER;;32770.4;---;;
4759195;4759195;1;1131493;47B77ECB;13/3/2025 06:57;13/3/2025 06:57;0;;0.05;40;APP;;68.9;---;---;---
4759026;4759026;1;1131493;47B77ECB;13/3/2025 06:17;13/3/2025 06:18;1;;0.05;40;APP;;58.5;---;---;---
4759015;4759015;1;1131493;47B77ECB;13/3/2025 06:15;13/3/2025 06:16;1;;0.09;40;APP;;113.1;---;---;---
4759000;4759000;1;1131493;47B77ECB;13/3/2025 06:12;13/3/2025 06:12;0;;0.04;40;APP;;53.3;---;---;---
4758989;4758989;1;1131493;47B77ECB;13/3/2025 06:10;13/3/2025 06:10;0;240;0;;APP;;0;---;;
4756465;4756465;2;958228;9E4D5697;12/3/2025 13:34;12/3/2025 16:54;200;;17.6;;OTHER;;22880;---;;
4756427;4756427;2;1144127;D7A39F47;12/3/2025 13:26;12/3/2025 13:27;0;240;0.04;40;APP;;54.6;---;---;---
4756351;4756351;2;1144127;D7A39F47;12/3/2025 13:10;12/3/2025 13:22;11;240;0.03;40;APP;;40.3;---;---;---
4756178;4756178;2;1144127;D7A39F47;12/3/2025 12:33;12/3/2025 12:34;1;240;0.07;40;APP;;94.9;---;---;---
4756019;4756019;1;958228;4210747D;12/3/2025 12:00;12/3/2025 16:01;241;;21.66;;OTHER;;28161.9;---;;
4755105;4755105;2;958228;9E4D5697;12/3/2025 08:45;12/3/2025 11:58;192;;14.85;;OTHER;;19302.4;---;;
4755024;4755024;2;1203942;72E15376;12/3/2025 08:32;12/3/2025 08:45;12;240;0;;APP;;0;---;;
4754890;4754890;2;1203942;72E15376;12/3/2025 08:07;12/3/2025 08:09;2;240;0.16;;APP;;208;---;---;---
4754875;4754875;2;1203942;72E15376;12/3/2025 08:04;12/3/2025 08:06;1;240;0.12;;APP;;159.9;---;---;---
4754868;4754868;2;1203942;72E15376;12/3/2025 08:02;12/3/2025 08:03;1;240;0.09;;APP;;119.6;---;---;---
4754788;4754788;1;958228;4210747D;12/3/2025 07:45;12/3/2025 11:38;232;;20.8;;OTHER;;27043.9;---;;
4754679;4754679;2;1203942;72E15376;12/3/2025 07:19;12/3/2025 07:19;0;240;0.06;;APP;;75.4;---;---;---
4754669;4754669;2;1203942;72E15376;12/3/2025 07:16;12/3/2025 07:17;1;240;0.09;;APP;;115.7;---;---;---
4754605;4754605;1;1134737;1BF4C9EC;12/3/2025 07:04;12/3/2025 07:05;1;;0.15;100;APP;;192.4;---;---;---
4754570;4754570;1;1134737;1BF4C9EC;12/3/2025 06:58;12/3/2025 07:00;2;;0.17;40;APP;;226.2;---;---;---
4754568;4754568;2;1203942;72E15376;12/3/2025 06:58;12/3/2025 07:00;2;240;0.18;;APP;;232.7;---;---;---
4754542;4754542;1;1134737;1BF4C9EC;12/3/2025 06:52;12/3/2025 06:53;0;;0.06;40;APP;;78;---;---;---
4754539;4754539;2;1203942;72E15376;12/3/2025 06:51;12/3/2025 06:53;1;240;0.07;;APP;;93.6;---;---;---
4754530;4754530;2;1203942;72E15376;12/3/2025 06:49;12/3/2025 06:50;0;240;0.07;;APP;;94.9;---;---;---
4754526;4754526;1;1134737;1BF4C9EC;12/3/2025 06:48;12/3/2025 06:49;0;;0.08;40;APP;;109.2;---;---;---
4752111;4752111;2;958228;9E4D5697;11/3/2025 15:55;11/3/2025 16:44;49;;4.81;;OTHER;;6251.7;---;;
4752102;4752102;2;958228;9E4D5697;11/3/2025 15:50;11/3/2025 15:51;0;;0.06;;CARD;;83.2;1000069547;---;---
4751992;4751992;1;958228;4210747D;11/3/2025 15:15;11/3/2025 18:09;173;;18.18;;OTHER;;23637.9;---;;
4751976;4751976;1;41841;;11/3/2025 15:09;11/3/2025 15:13;3;;0.33;;OTHER;;2000;---;;
4751971;4751971;1;958222;D6FF153E;11/3/2025 15:07;11/3/2025 15:08;0;120;0.06;;APP;;76.7;---;---;---
4751951;4751951;1;958222;D6FF153E;11/3/2025 14:59;11/3/2025 15:00;1;;0.12;20;APP;;150.8;---;---;---
4751945;4751945;1;958222;D6FF153E;11/3/2025 14:57;11/3/2025 14:58;0;;0.07;20;APP;;85.8;---;---;---
4751928;4751928;1;958222;D6FF153E;11/3/2025 14:51;11/3/2025 14:53;1;;0;20;APP;;0;---;;
4751910;4751910;1;958222;D6FF153E;11/3/2025 14:47;11/3/2025 14:50;3;120;0;;APP;;0;---;;
4751901;4751901;1;958222;D6FF153E;11/3/2025 14:44;11/3/2025 14:46;2;120;0;;APP;;0;---;;
4751846;4751846;1;958222;D6FF153E;11/3/2025 14:25;11/3/2025 14:26;0;;0.05;40;APP;;67.6;---;---;---
4751824;4751824;1;958222;D6FF153E;11/3/2025 14:20;11/3/2025 14:21;0;;0.06;40;APP;;79.3;---;---;---
4751798;4751798;1;958222;D6FF153E;11/3/2025 14:13;11/3/2025 14:14;0;180;0.03;;APP;;42.9;---;---;---
4751790;4751790;1;958222;D6FF153E;11/3/2025 14:09;11/3/2025 14:10;1;;0.13;20;APP;;174.2;---;---;---
4751755;4751755;2;1133277;62AAF420;11/3/2025 13:59;11/3/2025 14:14;14;;0.13;15;APP;;163.8;---;---;---
4751750;4751750;2;1133277;62AAF420;11/3/2025 13:57;11/3/2025 13:59;1;75;0.08;;APP;;104;---;---;---
4751738;4751738;1;958222;D6FF153E;11/3/2025 13:54;11/3/2025 13:56;1;;0.18;20;APP;;236.6;---;---;---
4751736;4751736;2;1133277;62AAF420;11/3/2025 13:54;11/3/2025 13:56;2;;0.21;15;APP;;266.5;---;---;---
4751714;4751714;1;958222;D6FF153E;11/3/2025 13:45;11/3/2025 13:46;0;;0.06;20;APP;;75.4;---;---;---
4751679;4751679;2;1133277;62AAF420;11/3/2025 13:35;11/3/2025 13:36;0;;0.08;15;APP;;104;---;---;---
4751674;4751674;1;958222;D6FF153E;11/3/2025 13:34;11/3/2025 13:35;1;;0.1;20;APP;;130;---;---;---
4751668;4751668;1;958222;D6FF153E;11/3/2025 13:32;11/3/2025 13:33;1;;0.05;20;APP;;66.3;---;---;---
4751650;4751650;1;958222;D6FF153E;11/3/2025 13:28;11/3/2025 13:29;1;;0.08;15;APP;;97.5;---;---;---
4751632;4751632;1;958222;D6FF153E;11/3/2025 13:24;11/3/2025 13:26;1;;0.1;15;APP;;124.8;---;---;---
4751611;4751611;1;958222;D6FF153E;11/3/2025 13:20;11/3/2025 13:21;1;;0.11;15;APP;;140.4;---;---;---
4751592;4751592;1;958222;D6FF153E;11/3/2025 13:16;11/3/2025 13:18;1;;0.11;40;APP;;144.3;---;---;---
4751570;4751570;1;958222;D6FF153E;11/3/2025 13:13;11/3/2025 13:14;0;;0.02;40;APP;;20.8;---;---;---
4751382;4751382;2;1135002;9D45BEFB;11/3/2025 12:35;11/3/2025 12:36;1;;0.1;40;APP;;133.9;---;---;---
4751322;4751322;2;1135002;9D45BEFB;11/3/2025 12:23;11/3/2025 12:24;1;;0.09;40;APP;;111.8;---;---;---
4751317;4751317;2;1135002;9D45BEFB;11/3/2025 12:22;11/3/2025 12:23;1;;0.09;40;APP;;111.8;---;---;---
4751312;4751312;2;1135002;9D45BEFB;11/3/2025 12:20;11/3/2025 12:21;0;;0.02;40;APP;;19.5;---;---;---
4750736;4750736;1;1203942;72E15376;11/3/2025 10:37;11/3/2025 10:54;16;240;0.08;;APP;;105.3;---;---;---
4750524;4750524;2;1135002;9D45BEFB;11/3/2025 09:52;11/3/2025 09:53;0;;0.02;40;APP;;20.8;---;---;---
4750367;4750367;1;1203942;72E15376;11/3/2025 09:19;11/3/2025 09:20;0;240;0.04;;APP;;54.6;---;---;---
4749736;4749736;1;1203942;72E15376;11/3/2025 07:11;11/3/2025 09:19;127;240;9.52;;APP;;12374.7;---;---;---
4749457;4749457;2;1135002;9D45BEFB;11/3/2025 06:02;11/3/2025 09:51;228;;21.53;40;APP;;27987.7;---;---;---
4747067;4747067;2;1128224;C8FCAD98;10/3/2025 14:37;10/3/2025 16:51;134;;10.67;20;APP;;13876.2;---;---;---
4746587;4746587;1;1149591;07C09540;10/3/2025 12:45;10/3/2025 16:42;236;;19.71;40;APP;;25628.2;---;---;---
4746311;4746311;2;1143205;A2D6FE57;10/3/2025 11:48;10/3/2025 14:19;151;;11.61;40;APP;;15091.7;---;---;---
4745894;4745894;2;1131634;D45E7EAF;10/3/2025 10:14;10/3/2025 11:41;87;;7.11;10;APP;;9245.6;---;---;---
4745847;4745847;1;1144127;D7A39F47;10/3/2025 10:05;10/3/2025 12:19;134;180;11.21;40;APP;;14575.6;---;---;---
4744837;4744837;2;1131634;D45E7EAF;10/3/2025 06:10;10/3/2025 10:11;241;;19.76;40;APP;;25693.2;---;---;---
4744830;4744830;1;1144127;D7A39F47;10/3/2025 06:08;10/3/2025 10:03;234;240;19;40;APP;;24696.1;---;---;---
4738334;4738334;2;1144127;D7A39F47;8/3/2025 11:23;8/3/2025 14:26;182;240;19.31;40;APP;;25100.4;---;---;---
4737498;4737498;1;1192441;ADB2C99C;8/3/2025 07:53;8/3/2025 11:53;240;240;15.51;;APP;;20156.5;---;---;---
4735273;4735273;2;1156412;81407EED;7/3/2025 17:13;7/3/2025 18:06;53;60;0.89;;APP;;1158.3;---;---;---
4734994;4734994;1;1131724;1EB318F9;7/3/2025 15:13;7/3/2025 17:28;135;180;6.3;10;APP;;8195.2;---;---;---
4734493;4734493;2;1156412;81407EED;7/3/2025 13:12;7/3/2025 17:12;240;240;21.97;;APP;;28559.7;---;---;---
4733968;4733968;1;1140395;17E7BA2C;7/3/2025 11:26;7/3/2025 14:35;189;;17.51;20;APP;;22764.3;---;---;---
4733905;4733905;1;1131634;D45E7EAF;7/3/2025 11:12;7/3/2025 11:13;0;;0;5;APP;;0;---;;
4733887;4733887;1;1131634;D45E7EAF;7/3/2025 11:08;7/3/2025 11:11;3;;0;10;APP;;0;---;;
4733463;4733463;2;1128224;C8FCAD98;7/3/2025 09:42;7/3/2025 10:51;68;;7.07;10;APP;;9189.7;---;---;---
4732591;4732591;1;1131634;D45E7EAF;7/3/2025 06:32;7/3/2025 10:33;241;;21.12;40;APP;;27457.3;---;---;---
4732506;4732506;2;1128224;C8FCAD98;7/3/2025 06:12;7/3/2025 09:41;208;;16.54;20;APP;;21502;---;---;---
4730269;4730269;2;1149392;83A554E8;6/3/2025 15:31;6/3/2025 18:49;198;;20.88;40;APP;;27144;---;---;---
4729762;4729762;2;1135002;9D45BEFB;6/3/2025 13:00;6/3/2025 15:13;132;;10.7;40;APP;;13906.1;---;---;---
4729010;4729010;1;1135123;8063448D;6/3/2025 10:20;6/3/2025 12:08;107;180;0;;APP;;0;---;;
4728709;4728709;2;1135002;9D45BEFB;6/3/2025 09:24;6/3/2025 12:59;215;;21.46;40;APP;;27895.4;---;---;---
4727888;4727888;1;1135123;8063448D;6/3/2025 06:23;6/3/2025 10:18;234;240;19.72;;APP;;25638.6;---;---;---
4727785;4727785;2;1135002;9D45BEFB;6/3/2025 06:00;6/3/2025 09:23;202;;15.96;40;APP;;20748;---;---;---
4725644;4725644;1;1144127;D7A39F47;5/3/2025 15:10;5/3/2025 17:11;121;240;12.66;40;APP;;16451.5;---;---;---
4725393;4725393;1;958222;D6FF153E;5/3/2025 13:47;5/3/2025 14:58;70;;5.71;20;APP;;7428.2;---;---;---
4724720;4724720;2;1134737;1BF4C9EC;5/3/2025 11:18;5/3/2025 15:19;241;;22.11;100;APP;;28743;---;---;---
4724520;4724520;1;958222;D6FF153E;5/3/2025 10:32;5/3/2025 13:46;194;;14.23;40;APP;;18493.8;---;---;---
4724134;4724134;2;1203942;72E15376;5/3/2025 09:00;5/3/2025 11:01;120;120;0;;APP;;0;---;;
4723524;4723524;1;958222;D6FF153E;5/3/2025 06:39;5/3/2025 10:30;231;;18.45;40;APP;;23986.3;---;---;---
4723060;4723060;2;1203942;72E15376;5/3/2025 04:58;5/3/2025 08:58;240;240;22.42;;APP;;29147.3;---;---;---
4723045;4723045;2;1203942;72E15376;5/3/2025 04:54;5/3/2025 04:57;2;240;0.26;;APP;;331.5;---;---;---
4721301;4721301;2;1131724;1EB318F9;4/3/2025 14:35;4/3/2025 18:05;210;210;6.46;10;APP;;8394.1;---;---;---
4721260;4721260;1;1133277;62AAF420;4/3/2025 14:23;4/3/2025 15:07;44;;3.75;15;APP;;4876.3;---;---;---
4720848;4720848;2;1203942;72E15376;4/3/2025 12:43;4/3/2025 14:10;86;120;9.15;;APP;;11889.8;---;---;---
4720276;4720276;2;1135123;8063448D;4/3/2025 10:34;4/3/2025 12:01;87;;7.31;40;APP;;9497.8;---;---;---
4719921;4719921;1;1128224;C8FCAD98;4/3/2025 09:08;4/3/2025 11:51;163;;13.36;20;APP;;17362.8;---;---;---
4719177;4719177;2;1135123;8063448D;4/3/2025 06:32;4/3/2025 10:32;240;;19.07;40;APP;;24785.8;---;---;---
4719056;4719056;1;1144127;D7A39F47;4/3/2025 05:59;4/3/2025 09:05;186;240;16.89;40;APP;;21955.7;---;---;---
4717440;4717440;2;1144127;D7A39F47;3/3/2025 17:17;3/3/2025 19:21;124;240;13.49;60;APP;;17540.9;---;---;---
4717018;4717018;1;1128224;C8FCAD98;3/3/2025 13:56;3/3/2025 16:18;141;;9.48;20;APP;;12318.8;---;---;---
4716842;4716842;2;1203942;72E15376;3/3/2025 13:13;3/3/2025 16:24;191;240;16.66;;APP;;21652.8;---;---;---
4716510;4716510;1;1158250;7B0734A0;3/3/2025 11:49;3/3/2025 13:44;114;180;11.7;;APP;;15208.7;---;---;---
4715859;4715859;2;1143205;A2D6FE57;3/3/2025 09:00;3/3/2025 13:01;241;;18.76;60;APP;;24386.7;---;---;---
4715579;4715579;1;1158250;7B0734A0;3/3/2025 07:51;3/3/2025 11:49;237;240;20.81;;APP;;27050.4;---;---;---
4715162;4715162;1;1144127;D7A39F47;3/3/2025 06:05;3/3/2025 07:41;96;240;10.35;100;APP;;13448.5;---;---;---
4709778;4709778;2;1134737;1BF4C9EC;1/3/2025 12:48;1/3/2025 14:13;85;;7.26;80;APP;;9438;---;---;---
4709330;4709330;1;1140395;17E7BA2C;1/3/2025 10:41;1/3/2025 14:09;208;;19.41;20;APP;;25234.3;---;---;---
4708647;4708647;2;1133277;62AAF420;1/3/2025 07:28;1/3/2025 10:44;196;;7.88;15;APP;;10247.9;---;---;---
4708371;4708371;1;1131634;D45E7EAF;1/3/2025 06:19;1/3/2025 10:19;240;;26.06;40;APP;;33871.5;---;---;---
4706679;4706679;1;1131724;1EB318F9;28/2/2025 15:41;28/2/2025 17:11;90;90;4.5;20;APP;;5853.9;---;---;---
4706225;4706225;2;1149591;07C09540;28/2/2025 13:33;28/2/2025 16:34;180;180;19.02;;APP;;24727.3;---;---;---
4705821;4705821;2;1149591;07C09540;28/2/2025 12:13;28/2/2025 13:32;78;90;8.3;;APP;;10792.6;---;---;---
4705389;4705389;2;1158250;7B0734A0;28/2/2025 10:32;28/2/2025 12:10;98;;10.1;40;APP;;13132.6;---;---;---
4704845;4704845;1;1156412;81407EED;28/2/2025 08:31;28/2/2025 11:43;192;240;17.29;;APP;;22473.1;---;---;---
4704288;4704288;2;1158250;7B0734A0;28/2/2025 06:26;28/2/2025 10:27;240;;17.64;40;APP;;22926.8;---;---;---
4704217;4704217;1;1128224;C8FCAD98;28/2/2025 06:16;28/2/2025 07:51;94;;10.05;10;APP;;13059.8;---;---;---
4700706;4700706;2;1192441;ADB2C99C;27/2/2025 10:23;27/2/2025 12:53;150;150;11.75;;APP;;15276.3;---;---;---
4699582;4699582;1;1143205;A2D6FE57;27/2/2025 06:51;27/2/2025 09:43;172;;8.9;40;APP;;11571.3;---;---;---
4699335;4699335;2;1192441;ADB2C99C;27/2/2025 05:58;27/2/2025 09:58;240;240;20.64;;APP;;26837.2;---;---;---
4697125;4697125;1;1135123;8063448D;26/2/2025 16:22;26/2/2025 17:54;91;120;8.83;;APP;;11480.3;---;---;---
4696642;4696642;2;1149591;07C09540;26/2/2025 13:44;26/2/2025 17:00;196;225;15.89;;APP;;20660.9;---;---;---
4696197;4696197;1;1135123;8063448D;26/2/2025 12:19;26/2/2025 16:19;240;240;18.99;;APP;;24680.5;---;---;---
4696053;4696053;2;1149591;07C09540;26/2/2025 11:57;26/2/2025 13:42;105;105;9.3;;APP;;12090;---;---;---
4695537;4695537;1;1131634;D45E7EAF;26/2/2025 10:15;26/2/2025 11:59;104;;8.16;10;APP;;10606.7;---;---;---
4695204;4695204;2;1203942;72E15376;26/2/2025 09:01;26/2/2025 11:44;162;240;14.68;;APP;;19084;---;---;---
4694552;4694552;2;958222;D6FF153E;26/2/2025 06:39;26/2/2025 08:38;119;;5.51;40;APP;;7165.6;---;---;---
4694411;4694411;1;1131634;D45E7EAF;26/2/2025 06:10;26/2/2025 10:11;240;;23.87;40;APP;;31027.1;---;---;---
4692269;4692269;2;1134737;1BF4C9EC;25/2/2025 14:42;25/2/2025 17:15;152;;16.28;100;APP;;21166.6;---;---;---
4692096;4692096;2;1131724;1EB318F9;25/2/2025 13:40;25/2/2025 14:30;50;50;2.53;;APP;;3294.2;---;---;---
4691992;4691992;1;1133277;62AAF420;25/2/2025 13:14;25/2/2025 14:12;58;;5.08;10;APP;;6600.1;---;---;---
4691256;4691256;2;1135002;9D45BEFB;25/2/2025 10:31;25/2/2025 11:57;85;;6.58;40;APP;;8547.5;---;---;---
4691119;4691119;1;958222;D6FF153E;25/2/2025 10:00;25/2/2025 11:58;117;;11.91;40;APP;;15479.1;---;---;---
4690222;4690222;1;958222;D6FF153E;25/2/2025 06:33;25/2/2025 09:59;206;;10.94;40;APP;;14218.1;---;---;---
4690177;4690177;2;1135002;9D45BEFB;25/2/2025 06:18;25/2/2025 10:19;240;;24.71;40;APP;;32125.6;---;---;---
4690124;4690124;2;1135002;9D45BEFB;25/2/2025 06:01;25/2/2025 06:16;15;;0;40;APP;;0;---;;
4690120;4690120;2;1135002;9D45BEFB;25/2/2025 05:59;25/2/2025 06:00;1;;0;40;APP;;0;---;;
4688250;4688250;2;1156412;81407EED;24/2/2025 16:41;24/2/2025 17:58;76;240;1.78;;APP;;2316.6;---;---;---
4687952;4687952;1;1144127;D7A39F47;24/2/2025 14:35;24/2/2025 17:58;203;240;18.78;60;APP;;24410.1;---;---;---
4687687;4687687;1;1133277;62AAF420;24/2/2025 13:16;24/2/2025 14:21;65;;4.82;15;APP;;6266;---;---;---
4687678;4687678;1;1133277;62AAF420;24/2/2025 13:14;24/2/2025 13:15;0;;0.02;15;APP;;26;---;---;---
4687513;4687513;2;1156412;81407EED;24/2/2025 12:37;24/2/2025 16:38;240;240;21.42;;APP;;27848.6;---;---;---
4686672;4686672;2;1203942;72E15376;24/2/2025 09:24;24/2/2025 11:53;148;240;8.52;;APP;;11078.6;---;---;---
4686313;4686313;1;1128224;C8FCAD98;24/2/2025 08:07;24/2/2025 11:56;229;;19.75;20;APP;;25677.6;---;---;---
4685721;4685721;1;1128224;C8FCAD98;24/2/2025 05:50;24/2/2025 08:06;136;;11.47;20;APP;;14914.9;---;---;---
4685492;4685492;2;1203942;72E15376;24/2/2025 04:57;24/2/2025 08:57;240;240;19.53;;APP;;25389;---;---;---
4679886;4679886;2;1149591;07C09540;22/2/2025 12:55;22/2/2025 12:57;1;;0.18;;CARD;;239.2;1000061562;---;---
4679879;4679879;2;1149591;07C09540;22/2/2025 12:53;22/2/2025 12:54;0;;0.04;;CARD;;54.6;1000061561;---;---
4679855;4679855;2;1149591;07C09540;22/2/2025 12:45;22/2/2025 12:46;0;;0.07;;CARD;;92.3;1000061559;---;---
4679845;4679845;2;1149591;07C09540;22/2/2025 12:43;22/2/2025 12:44;1;;0.11;;CARD;;139.1;1000061558;---;---
4679840;4679840;2;1149591;07C09540;22/2/2025 12:41;22/2/2025 12:42;0;;0.06;;CARD;;74.1;1000061557;---;---
4679833;4679833;2;1149591;07C09540;22/2/2025 12:39;22/2/2025 12:40;0;;0.07;;CARD;;92.3;1000061556;---;---
4679821;4679821;2;1149591;07C09540;22/2/2025 12:37;22/2/2025 12:38;1;;0.14;;CARD;;182;1000061554;---;---
4679817;4679817;2;1149591;07C09540;22/2/2025 12:35;22/2/2025 12:36;0;;0.02;;CARD;;29.9;1000061552;---;---
4679805;4679805;2;1149591;07C09540;22/2/2025 12:33;22/2/2025 12:34;1;;0.11;;CARD;;143;1000061550;---;---
4679797;4679797;2;1149591;07C09540;22/2/2025 12:31;22/2/2025 12:32;0;;0.06;;CARD;;76.7;1000061549;---;---
4679791;4679791;2;1149591;07C09540;22/2/2025 12:29;22/2/2025 12:30;1;;0.1;;CARD;;128.7;1000061548;---;---
4679757;4679757;2;1149591;07C09540;22/2/2025 12:21;22/2/2025 12:23;1;;0.12;;CARD;;157.3;1000061543;---;---
4679746;4679746;2;1149591;07C09540;22/2/2025 12:20;22/2/2025 12:20;0;;0.04;;CARD;;49.4;1000061540;---;---
4679735;4679735;2;1149591;07C09540;22/2/2025 12:18;22/2/2025 12:19;1;;0.1;;CARD;;123.5;1000061537;---;---
4679729;4679729;2;1149591;07C09540;22/2/2025 12:16;22/2/2025 12:17;0;;0.08;;CARD;;101.4;1000061535;---;---
4678835;4678835;2;1149591;07C09540;22/2/2025 08:09;22/2/2025 12:09;240;;22.36;60;APP;;29065.4;---;---;---
4678825;4678825;1;1140395;17E7BA2C;22/2/2025 08:06;22/2/2025 11:44;218;;15.25;20;APP;;19830.2;---;---;---
4678292;4678292;2;1135002;9D45BEFB;22/2/2025 05:57;22/2/2025 08:05;128;;13.77;40;APP;;17903.6;---;---;---
4675831;4675831;1;1128224;C8FCAD98;21/2/2025 11:55;21/2/2025 15:56;241;;22.8;40;APP;;29633.5;---;---;---
4675619;4675619;1;1131493;47B77ECB;21/2/2025 11:07;21/2/2025 11:51;43;;3.46;20;APP;;4501.9;---;---;---
4675607;4675607;1;1131493;47B77ECB;21/2/2025 11:05;21/2/2025 11:06;1;;0.06;;CARD;;72.8;1000061237;---;---
4675498;4675498;2;1131634;D45E7EAF;21/2/2025 10:39;21/2/2025 13:40;180;;14.36;15;APP;;18669.3;---;---;---
4674920;4674920;1;1131493;47B77ECB;21/2/2025 08:34;21/2/2025 11:04;150;;15.09;40;APP;;19613.1;---;---;---
4674069;4674069;2;1131634;D45E7EAF;21/2/2025 06:30;21/2/2025 10:31;240;;19.43;40;APP;;25259;---;---;---
4674023;4674023;1;1131493;47B77ECB;21/2/2025 06:18;21/2/2025 08:33;134;;11.18;40;APP;;14534;---;---;---
4671384;4671384;2;1149591;07C09540;20/2/2025 13:17;20/2/2025 16:59;221;225;12.09;;APP;;15713.1;---;---;---
4671375;4671375;1;1144127;D7A39F47;20/2/2025 13:15;20/2/2025 17:15;240;240;25.01;40;APP;;32514.3;---;---;---
4671362;4671362;1;1144127;D7A39F47;20/2/2025 13:11;20/2/2025 13:11;0;240;0;40;APP;;1.3;---;---;---
4671130;4671130;2;1149591;07C09540;20/2/2025 12:16;20/2/2025 13:16;60;60;6.33;;APP;;8229;---;---;---
4670943;4670943;2;1149392;83A554E8;20/2/2025 11:35;20/2/2025 11:58;23;;2.38;20;APP;;3097.9;---;---;---
4669898;4669898;1;1192441;ADB2C99C;20/2/2025 07:48;20/2/2025 11:48;240;240;17.26;;APP;;22432.8;---;---;---
4669810;4669810;2;1149392;83A554E8;20/2/2025 07:29;20/2/2025 11:30;240;;19.93;40;APP;;25911.6;---;---;---
4667492;4667492;2;1156412;81407EED;19/2/2025 15:45;19/2/2025 18:12;147;240;14.24;;APP;;18517.2;---;---;---
4667381;4667381;1;1185989;DFEF8079;19/2/2025 15:03;19/2/2025 16:40;97;105;8.02;;APP;;10420.8;---;---;---
4666716;4666716;1;1203942;72E15376;19/2/2025 12:04;19/2/2025 14:59;174;180;11.65;;APP;;15138.5;---;---;---
4666589;4666589;2;1156412;81407EED;19/2/2025 11:36;19/2/2025 15:37;240;240;22.11;;APP;;28739.1;---;---;---
4666252;4666252;2;958222;D6FF153E;19/2/2025 10:24;19/2/2025 11:05;40;;3.15;15;APP;;4089.8;---;---;---
4665623;4665623;1;1140395;17E7BA2C;19/2/2025 08:04;19/2/2025 11:25;201;;19.97;20;APP;;25966.2;---;---;---
4665269;4665269;2;958222;D6FF153E;19/2/2025 06:39;19/2/2025 10:23;224;;12.38;40;APP;;16091.4;---;---;---
4665120;4665120;1;1134737;1BF4C9EC;19/2/2025 06:01;19/2/2025 07:56;114;;11.96;100;APP;;15551.9;---;---;---
4663061;4663061;2;1149591;07C09540;18/2/2025 14:50;18/2/2025 17:02;131;;12.21;40;APP;;15876.9;---;---;---
4662522;4662522;1;1135123;8063448D;18/2/2025 12:38;18/2/2025 16:39;240;;17.58;20;APP;;22848.8;---;---;---
4662006;4662006;2;1135002;9D45BEFB;18/2/2025 10:39;18/2/2025 14:40;240;;20.92;40;APP;;27198.6;---;---;---
4661831;4661831;1;958222;D6FF153E;18/2/2025 09:59;18/2/2025 11:56;117;;7.04;40;APP;;9145.5;---;---;---
4660910;4660910;1;958222;D6FF153E;18/2/2025 06:38;18/2/2025 09:59;200;;10.63;40;APP;;13824.2;---;---;---
4660858;4660858;2;1135002;9D45BEFB;18/2/2025 06:25;18/2/2025 10:26;240;;25.03;40;APP;;32533.8;---;---;---
4660806;4660806;2;1135002;9D45BEFB;18/2/2025 06:08;18/2/2025 06:11;3;;0.29;40;APP;;0;---;;
4658610;4658610;1;1131634;D45E7EAF;17/2/2025 14:01;17/2/2025 14:26;24;;2.56;20;APP;;3321.5;---;---;---
4658392;4658392;2;1158250;7B0734A0;17/2/2025 13:05;17/2/2025 17:05;240;;8.69;20;APP;;11290.5;---;---;---
4658073;4658073;1;1131634;D45E7EAF;17/2/2025 11:53;17/2/2025 14:00;126;;12.21;40;APP;;15867.8;---;---;---
4657853;4657853;2;1143205;A2D6FE57;17/2/2025 11:06;17/2/2025 12:43;97;;7.85;20;APP;;10203.7;---;---;---
4657819;4657819;1;1158250;7B0734A0;17/2/2025 10:57;17/2/2025 11:40;42;;3.27;15;APP;;4248.4;---;---;---
4656774;4656774;2;1143205;A2D6FE57;17/2/2025 07:01;17/2/2025 11:02;241;;23.79;60;APP;;30927;---;---;---
4656723;4656723;1;1158250;7B0734A0;17/2/2025 06:51;17/2/2025 10:51;240;;14.24;40;APP;;18505.5;---;---;---
4647761;4647761;2;1144127;D7A39F47;14/2/2025 17:17;14/2/2025 18:02;45;120;4.87;15;APP;;6324.5;---;---;---
4647130;4647130;2;1135123;8063448D;14/2/2025 13:36;14/2/2025 17:12;216;;21.22;40;APP;;27579.5;---;---;---
4646760;4646760;2;1133277;62AAF420;14/2/2025 12:22;14/2/2025 13:33;70;;7.44;15;APP;;9674.6;---;---;---
4646590;4646590;1;1185989;DFEF8079;14/2/2025 11:47;14/2/2025 15:47;240;;15.89;40;APP;;20651.8;---;---;---
4646327;4646327;1;1131634;D45E7EAF;14/2/2025 10:51;14/2/2025 11:36;45;;4.52;10;APP;;5878.6;---;---;---
4646187;4646187;2;1128224;C8FCAD98;14/2/2025 10:23;14/2/2025 12:00;97;;3.83;15;APP;;4982.9;---;---;---
4645165;4645165;1;1131634;D45E7EAF;14/2/2025 06:45;14/2/2025 10:45;240;;20.16;40;APP;;26205.4;---;---;---
4645044;4645044;2;1128224;C8FCAD98;14/2/2025 06:17;14/2/2025 10:19;241;;20.37;40;APP;;26486.2;---;---;---
4642974;4642974;1;1185989;DFEF8079;13/2/2025 16:37;13/2/2025 16:37;0;;0;;CARD;;0;1000058537;;
4642920;4642920;2;1135123;8063448D;13/2/2025 16:06;13/2/2025 17:10;63;;6.69;15;APP;;8697;---;---;---
4642071;4642071;1;1185989;DFEF8079;13/2/2025 12:09;13/2/2025 16:11;241;;19.82;40;APP;;25762.1;---;---;---
4642025;4642025;2;1135123;8063448D;13/2/2025 12:01;13/2/2025 16:01;240;;18.79;40;APP;;24424.4;---;---;---
4641779;4641779;2;1156412;81407EED;13/2/2025 11:05;13/2/2025 11:52;47;120;4.85;;APP;;6301.1;---;---;---
4640690;4640690;2;1156412;81407EED;13/2/2025 07:03;13/2/2025 11:03;240;240;21.77;;APP;;28294.5;---;---;---
4640431;4640431;1;1192441;ADB2C99C;13/2/2025 06:02;13/2/2025 10:03;240;240;19.18;;APP;;24927.5;---;---;---
4638345;4638345;1;1133277;62AAF420;12/2/2025 15:36;12/2/2025 17:02;85;;2.84;10;APP;;3693.3;---;---;---
4637291;4637291;2;958222;D6FF153E;12/2/2025 10:50;12/2/2025 11:54;63;;4.62;40;APP;;6007.3;---;---;---
4637216;4637216;1;1134737;1BF4C9EC;12/2/2025 10:37;12/2/2025 14:38;241;;20.75;100;APP;;26972.4;---;---;---
4636902;4636902;1;1140395;17E7BA2C;12/2/2025 09:35;12/2/2025 10:22;47;;4.77;10;APP;;6194.5;---;---;---
4636121;4636121;2;958222;D6FF153E;12/2/2025 06:30;12/2/2025 10:31;240;;14.96;40;APP;;19450.6;---;---;---
4636095;4636095;1;1140395;17E7BA2C;12/2/2025 06:22;12/2/2025 09:34;191;;20.02;20;APP;;26024.7;---;---;---
4633618;4633618;1;1149591;07C09540;11/2/2025 13:15;11/2/2025 16:57;222;240;23.46;;APP;;30492.8;---;---;---
4633327;4633327;1;1149591;07C09540;11/2/2025 12:07;11/2/2025 13:07;60;60;6.3;;APP;;8188.7;---;---;---
4632938;4632938;1;958222;D6FF153E;11/2/2025 10:35;11/2/2025 11:45;70;;5.86;40;APP;;7616.7;---;---;---
4632819;4632819;2;1135002;9D45BEFB;11/2/2025 10:08;11/2/2025 11:49;101;;5.72;40;APP;;7430.8;---;---;---
4631875;4631875;1;958222;D6FF153E;11/2/2025 06:32;11/2/2025 10:32;240;;13.29;40;APP;;17279.6;---;---;---
4631753;4631753;2;1135002;9D45BEFB;11/2/2025 06:02;11/2/2025 10:03;240;;25.18;40;APP;;32732.7;---;---;---
4629978;4629978;2;1144127;D7A39F47;10/2/2025 16:23;10/2/2025 16:27;3;;0.13;5;APP;;170.3;---;---;---
4629903;4629903;1;1158250;7B0734A0;10/2/2025 15:46;10/2/2025 17:09;82;;8.66;40;APP;;11263.2;---;---;---
4629179;4629179;2;1144127;D7A39F47;10/2/2025 12:04;10/2/2025 14:37;153;240;15.03;15;APP;;19540.3;---;---;---
4629081;4629081;1;1158250;7B0734A0;10/2/2025 11:43;10/2/2025 15:44;241;;18.13;40;APP;;23562.5;---;---;---
4628682;4628682;1;1131634;D45E7EAF;10/2/2025 10:10;10/2/2025 11:35;84;;7.7;10;APP;;10012.6;---;---;---
4628644;4628644;2;1128224;C8FCAD98;10/2/2025 10:02;10/2/2025 11:48;106;;10.78;20;APP;;14016.6;---;---;---
4627605;4627605;1;1131634;D45E7EAF;10/2/2025 06:05;10/2/2025 10:05;240;;20.42;40;APP;;26548.6;---;---;---
4627582;4627582;2;1128224;C8FCAD98;10/2/2025 05:58;10/2/2025 09:59;240;;18.32;40;APP;;23818.6;---;---;---
4618192;4618192;1;1131493;47B77ECB;7/2/2025 12:50;7/2/2025 16:50;240;;25.44;40;APP;;33073.3;---;---;---
4617817;4617817;1;1131493;47B77ECB;7/2/2025 11:55;7/2/2025 12:48;53;;5.68;40;APP;;7381.4;---;---;---
4617413;4617413;2;1128224;C8FCAD98;7/2/2025 10:28;7/2/2025 11:25;57;;5.92;15;APP;;7697.3;---;---;---
4616345;4616345;2;1128224;C8FCAD98;7/2/2025 06:20;7/2/2025 10:23;242;;19.78;40;APP;;25716.6;---;---;---
4616313;4616313;1;1131634;D45E7EAF;7/2/2025 06:13;7/2/2025 11:48;335;;29.38;40;APP;;38188.8;---;---;---
4614260;4614260;2;1133277;62AAF420;6/2/2025 16:20;6/2/2025 17:24;63;;5;10;APP;;6500;---;---;---
4613407;4613407;2;1135002;9D45BEFB;6/2/2025 12:01;6/2/2025 15:53;232;;13.83;40;APP;;17979;---;---;---
4613396;4613396;1;1149591;07C09540;6/2/2025 11:58;6/2/2025 15:59;241;;22.27;40;APP;;28948.4;---;---;---
4613107;4613107;2;1149591;07C09540;6/2/2025 10:50;6/2/2025 11:50;60;60;5.97;15;APP;;7766.2;---;---;---
4612118;4612118;1;1156412;81407EED;6/2/2025 07:04;6/2/2025 11:05;240;;22.2;40;APP;;28853.5;---;---;---
4612021;4612021;2;958222;D6FF153E;6/2/2025 06:38;6/2/2025 09:45;187;;14.02;40;APP;;18224.7;---;---;---
4610033;4610033;1;1133277;62AAF420;5/2/2025 17:11;5/2/2025 17:36;25;;2.57;10;APP;;3341;---;---;---
4609987;4609987;2;1140395;17E7BA2C;5/2/2025 16:37;5/2/2025 17:17;40;;4.23;20;APP;;5497.7;---;---;---
4609400;4609400;2;1140395;17E7BA2C;5/2/2025 13:17;5/2/2025 16:31;193;;20.02;20;APP;;26027.3;---;---;---
4609239;4609239;1;1185989;DFEF8079;5/2/2025 12:43;5/2/2025 16:16;213;;17.04;20;APP;;22153.3;---;---;---
4609080;4609080;2;1135123;8063448D;5/2/2025 12:13;5/2/2025 13:16;63;;5.67;40;APP;;7369.7;---;---;---
4608725;4608725;1;1135123;8063448D;5/2/2025 10:54;5/2/2025 12:06;72;;1.5;10;APP;;1952.6;---;---;---
4607551;4607551;2;958222;D6FF153E;5/2/2025 06:41;5/2/2025 10:41;240;;12.91;40;APP;;16780.4;---;---;---
4607531;4607531;1;1135123;8063448D;5/2/2025 06:37;5/2/2025 10:38;240;;25.04;40;APP;;32553.3;---;---;---
4604771;4604771;2;1134737;1BF4C9EC;4/2/2025 12:47;4/2/2025 16:07;200;;16.23;100;APP;;21093.8;---;---;---
4604652;4604652;2;1135002;9D45BEFB;4/2/2025 12:22;4/2/2025 12:29;6;;0.68;20;APP;;886.6;---;---;---
4604641;4604641;1;1149591;07C09540;4/2/2025 12:19;4/2/2025 16:20;241;;20.34;60;APP;;26436.8;---;---;---
4603902;4603902;1;1131634;D45E7EAF;4/2/2025 09:29;4/2/2025 12:01;151;;11.03;40;APP;;14342.9;---;---;---
4603864;4603864;2;1135002;9D45BEFB;4/2/2025 09:20;4/2/2025 12:20;180;180;14.86;40;APP;;19312.8;---;---;---
4603102;4603102;2;1135002;9D45BEFB;4/2/2025 06:15;4/2/2025 09:16;181;;7.87;40;APP;;10231;---;---;---
4603074;4603074;1;1131634;D45E7EAF;4/2/2025 06:09;4/2/2025 09:16;187;;8.56;40;APP;;11125.4;---;---;---
4600601;4600601;1;1144127;D7A39F47;3/2/2025 12:48;3/2/2025 16:48;240;240;24.88;60;APP;;32341.4;---;---;---
4600595;4600595;2;1128224;C8FCAD98;3/2/2025 12:46;3/2/2025 16:00;193;;20.02;20;APP;;26028.6;---;---;---
4600164;4600164;2;1143205;A2D6FE57;3/2/2025 11:14;3/2/2025 12:35;81;;8.36;10;APP;;10864.1;---;---;---
4599987;4599987;1;1158250;7B0734A0;3/2/2025 10:28;3/2/2025 12:14;106;;8.9;20;APP;;11571.3;---;---;---
4599945;4599945;1;1158250;7B0734A0;3/2/2025 10:18;3/2/2025 10:27;8;;0.81;5;APP;;1053;---;---;---
4599119;4599119;2;1143205;A2D6FE57;3/2/2025 07:02;3/2/2025 11:03;240;;25;40;APP;;32502.6;---;---;---
4598929;4598929;1;1158250;7B0734A0;3/2/2025 06:15;3/2/2025 10:16;240;;24.27;40;APP;;31548.4;---;---;---
4589687;4589687;1;1158250;7B0734A0;31/1/2025 13:59;3/2/2025 05:52;3833;;5.99;40;APP;;7787;---;---;---
4589151;4589151;2;1140395;17E7BA2C;31/1/2025 12:01;3/2/2025 05:52;3951;;7.77;20;APP;;10095.8;---;---;---
4589143;4589143;1;1149591;07C09540;31/1/2025 11:59;31/1/2025 13:58;118;;4.37;40;APP;;5682.3;---;---;---
4588703;4588703;2;1128224;C8FCAD98;31/1/2025 10:29;31/1/2025 11:52;83;;4.21;10;APP;;5475.6;---;---;---
4588599;4588599;1;1131634;D45E7EAF;31/1/2025 10:12;31/1/2025 11:51;98;;8.41;10;APP;;10938.2;---;---;---
4587540;4587540;2;1128224;C8FCAD98;31/1/2025 06:23;31/1/2025 10:25;241;;24.79;40;APP;;32221.8;---;---;---
4587470;4587470;1;1131634;D45E7EAF;31/1/2025 06:09;31/1/2025 10:09;240;;24.83;40;APP;;32273.8;---;---;---
4585325;4585325;1;1135002;9D45BEFB;30/1/2025 15:18;30/1/2025 17:14;116;240;11.05;40;APP;;14362.4;---;---;---
4585317;4585317;1;1135002;9D45BEFB;30/1/2025 15:15;30/1/2025 15:17;1;;0.14;20;APP;;185.9;---;---;---
4585308;4585308;1;1135002;9D45BEFB;30/1/2025 15:14;30/1/2025 15:14;0;;0.04;20;APP;;57.2;---;---;---
4585076;4585076;1;1185989;DFEF8079;30/1/2025 13:59;30/1/2025 13:59;0;;0;;CARD;;0;1000054116;;
4585023;4585023;1;1185989;DFEF8079;30/1/2025 13:46;30/1/2025 13:46;0;;0.02;;CARD;;26;1000054112;---;---
4584876;4584876;2;1156412;81407EED;30/1/2025 13:13;30/1/2025 17:14;240;;23.71;40;APP;;30823;---;---;---
4584590;4584590;1;1185989;DFEF8079;30/1/2025 12:08;30/1/2025 13:44;96;;10.01;10;APP;;13016.9;---;---;---
4584141;4584141;2;1135002;9D45BEFB;30/1/2025 10:32;30/1/2025 12:15;102;240;10.64;20;APP;;13830.7;---;---;---
4583654;4583654;1;958222;D6FF153E;30/1/2025 09:01;30/1/2025 11:52;170;;16.99;20;APP;;22088.3;---;---;---
4582869;4582869;2;1135002;9D45BEFB;30/1/2025 06:01;30/1/2025 10:01;240;240;25.35;40;APP;;32948.5;---;---;---
4580855;4580855;2;1131724;1EB318F9;29/1/2025 15:24;29/1/2025 16:48;83;120;4.31;5;APP;;5604.3;---;---;---
4580219;4580219;2;1144127;D7A39F47;29/1/2025 12:23;29/1/2025 14:46;143;;14.85;15;APP;;19305;---;---;---
4579828;4579828;1;1135123;8063448D;29/1/2025 10:56;29/1/2025 12:05;68;;6.24;20;APP;;8115.9;---;---;---
4578724;4578724;1;1135123;8063448D;29/1/2025 06:43;29/1/2025 10:44;240;;24.09;40;APP;;31311.8;---;---;---
4578651;4578651;2;1131493;47B77ECB;29/1/2025 06:23;29/1/2025 10:21;238;;24.49;40;APP;;31831.8;---;---;---
4576709;4576709;1;958222;D6FF153E;28/1/2025 15:45;28/1/2025 16:40;54;;5.62;10;APP;;7302.1;---;---;---
4576188;4576188;2;1149591;07C09540;28/1/2025 13:02;28/1/2025 16:55;233;;19.1;60;APP;;24826.1;---;---;---
4575837;4575837;1;958222;D6FF153E;28/1/2025 11:40;28/1/2025 15:41;240;;23.82;40;APP;;30969.9;---;---;---
4575616;4575616;2;1165632;;28/1/2025 10:52;28/1/2025 12:59;127;;12.83;40;APP;;16673.8;04f0fd42-df38-4cf7-bfe3-194b1a36dc8f;;
4574873;4574873;2;1133277;62AAF420;28/1/2025 07:52;28/1/2025 09:36;104;;7.65;20;APP;;9943.7;---;---;---
4574641;4574641;1;1144127;D7A39F47;28/1/2025 07:00;28/1/2025 11:00;240;240;24.99;60;APP;;32485.7;---;---;---
4572089;4572089;1;1143205;A2D6FE57;27/1/2025 12:52;27/1/2025 15:51;179;;4.63;40;APP;;6015.1;---;---;---
4571873;4571873;2;1149591;07C09540;27/1/2025 12:04;27/1/2025 17:15;310;;8.96;40;APP;;11650.6;---;---;---
4571507;4571507;2;1128224;C8FCAD98;27/1/2025 10:41;27/1/2025 11:50;68;;7.12;15;APP;;9253.4;---;---;---
4571465;4571465;2;1128224;C8FCAD98;27/1/2025 10:28;27/1/2025 10:32;4;;0.35;20;APP;;449.8;---;---;---
4571358;4571358;1;1149591;07C09540;27/1/2025 10:04;27/1/2025 12:01;116;180;12.18;40;APP;;15827.5;---;---;---
4570364;4570364;2;1128224;C8FCAD98;27/1/2025 06:18;27/1/2025 10:19;240;;25.12;40;APP;;32659.9;---;---;---
4570321;4570321;1;1131634;D45E7EAF;27/1/2025 06:06;27/1/2025 09:20;193;;20.02;20;APP;;26026;---;---;---
4560338;4560338;2;1135123;8063448D;24/1/2025 10:37;24/1/2025 12:01;84;;8.67;20;APP;;11265.8;---;---;---
4559171;4559171;2;1128224;C8FCAD98;24/1/2025 06:24;24/1/2025 10:24;240;;25.11;40;APP;;32648.2;---;---;---
4559107;4559107;1;1131634;D45E7EAF;24/1/2025 06:08;24/1/2025 10:08;240;;25.24;40;APP;;32806.8;---;---;---
4557206;4557206;1;1140395;17E7BA2C;23/1/2025 16:41;23/1/2025 17:01;20;20;2.04;20;APP;;2648.1;---;---;---
4556654;4556654;1;1140395;17E7BA2C;23/1/2025 13:21;23/1/2025 16:37;195;;20.02;20;APP;;26029.9;---;---;---
4556593;4556593;2;1165632;;23/1/2025 13:07;23/1/2025 16:07;179;;17.53;40;APP;;22792.9;759e8a0f-7074-4827-8622-d267b72f6a33;;
4554959;4554959;1;1149591;07C09540;23/1/2025 07:00;23/1/2025 11:01;240;;25.39;100;APP;;33001.8;---;---;---
4552305;4552305;1;1185989;DFEF8079;22/1/2025 13:50;22/1/2025 16:35;164;;13.74;15;APP;;17867.2;---;---;---
4552277;4552277;1;1185989;DFEF8079;22/1/2025 13:42;22/1/2025 13:48;6;;0.56;10;APP;;726.7;---;---;---
4552250;4552250;1;1185989;DFEF8079;22/1/2025 13:35;22/1/2025 13:39;3;;0.32;10;APP;;414.7;---;---;---
4552216;4552216;2;1144127;D7A39F47;22/1/2025 13:28;22/1/2025 15:54;145;;15.04;15;APP;;19549.4;---;---;---
4550825;4550825;1;1133277;62AAF420;22/1/2025 09:06;22/1/2025 10:06;60;60;6.39;10;APP;;8300.5;---;---;---
4550715;4550715;2;1135123;8063448D;22/1/2025 08:42;22/1/2025 11:53;190;;20.02;20;APP;;26028.6;---;---;---
4549965;4549965;1;1128224;C8FCAD98;22/1/2025 06:00;22/1/2025 07:31;90;90;9.62;;APP;;12503.4;---;---;---
4547190;4547190;2;1135002;9D45BEFB;21/1/2025 12:18;21/1/2025 14:33;134;150;13.25;;APP;;17225;---;---;---
4546661;4546661;1;1131634;D45E7EAF;21/1/2025 10:34;21/1/2025 13:47;193;;20.06;20;APP;;26083.2;---;---;---
4546520;4546520;2;1135002;9D45BEFB;21/1/2025 10:16;21/1/2025 12:16;120;120;12.48;;APP;;16222.7;---;---;---
4545411;4545411;1;1131493;47B77ECB;21/1/2025 06:24;21/1/2025 10:24;240;240;24.95;;APP;;32440.2;---;---;---
4545277;4545277;2;1135002;9D45BEFB;21/1/2025 05:56;21/1/2025 09:56;240;240;24.79;;APP;;32228.3;---;---;---
4543403;4543403;2;1133277;62AAF420;20/1/2025 16:25;20/1/2025 17:25;59;60;3.43;;APP;;4462.9;---;---;---
4543325;4543325;1;1143205;A2D6FE57;20/1/2025 15:43;20/1/2025 16:42;59;;0;5;APP;;0;---;;
4542679;4542679;2;1144127;D7A39F47;20/1/2025 12:19;20/1/2025 16:20;240;;24.84;40;APP;;32288.1;---;---;---
4542502;4542502;1;1143205;A2D6FE57;20/1/2025 11:36;20/1/2025 15:37;241;;18.47;20;APP;;24016.2;---;---;---
4542349;4542349;1;1143205;A2D6FE57;20/1/2025 11:09;20/1/2025 11:34;25;25;2.62;40;APP;;3400.8;---;---;---
4541577;4541577;1;1128224;C8FCAD98;20/1/2025 08:20;20/1/2025 10:53;152;240;15.66;;APP;;20359.3;---;---;---
4541265;4541265;2;1149591;07C09540;20/1/2025 07:07;20/1/2025 11:07;240;240;24.87;;APP;;32331;---;---;---
4540970;4540970;1;1128224;C8FCAD98;20/1/2025 06:04;20/1/2025 08:19;135;240;14.16;;APP;;18406.7;---;---;---
4530799;4530799;2;1135123;8063448D;17/1/2025 10:40;17/1/2025 14:40;240;240;25.21;;APP;;32767.8;---;---;---
4530569;4530569;1;1133277;62AAF420;17/1/2025 09:54;17/1/2025 10:34;40;40;1.12;;APP;;1449.5;---;---;---
4529525;4529525;2;1131634;D45E7EAF;17/1/2025 06:08;17/1/2025 10:09;240;;25.55;40;APP;;33220.2;---;---;---
4525312;4525312;2;1131724;1EB318F9;16/1/2025 07:27;16/1/2025 09:28;121;180;6.01;5;APP;;7800;---;---;---
4525112;4525112;1;1134737;1BF4C9EC;16/1/2025 06:37;16/1/2025 10:37;240;240;21.33;;APP;;27730.3;---;---;---
4522742;4522742;1;1144127;D7A39F47;15/1/2025 14:39;15/1/2025 17:25;165;180;17.13;;APP;;22274.2;---;---;---
4522267;4522267;1;1131634;D45E7EAF;15/1/2025 12:37;15/1/2025 14:37;119;;10.8;20;APP;;14037.4;---;---;---
4522180;4522180;2;1128224;C8FCAD98;15/1/2025 12:19;15/1/2025 16:04;225;240;21.01;;APP;;27315.6;---;---;---
4520692;4520692;1;1144127;D7A39F47;15/1/2025 06:59;15/1/2025 12:17;317;240;1.1;;APP;;1428.7;---;---;---
4520608;4520608;2;1135123;8063448D;15/1/2025 06:40;15/1/2025 12:17;337;240;3.05;;APP;;3970.2;---;---;---
4518561;4518561;2;1140395;17E7BA2C;14/1/2025 16:06;14/1/2025 16:57;50;55;4.38;;APP;;5692.7;---;---;---
4517716;4517716;2;1140395;17E7BA2C;14/1/2025 12:10;14/1/2025 16:05;234;240;24.63;;APP;;32017.7;---;---;---
4516438;4516438;2;1149591;07C09540;14/1/2025 07:31;14/1/2025 11:32;240;240;22.92;;APP;;29792.1;---;---;---
4516312;4516312;1;1144127;D7A39F47;14/1/2025 07:06;14/1/2025 11:07;240;240;25.03;;APP;;32541.6;---;---;---
4513184;4513184;2;1128224;C8FCAD98;13/1/2025 11:23;13/1/2025 14:23;180;180;18.95;;APP;;24632.4;---;---;---
4511399;4511399;2;1131634;D45E7EAF;13/1/2025 06:33;13/1/2025 10:33;240;;24.91;40;APP;;32376.5;---;---;---
4501590;4501590;1;1131724;1EB318F9;10/1/2025 15:24;10/1/2025 17:03;98;180;5.01;5;APP;;6516.9;---;---;---
4501108;4501108;2;1133277;62AAF420;10/1/2025 13:10;10/1/2025 15:12;121;;4.84;10;APP;;6289.4;---;---;---
4500833;4500833;1;1134737;1BF4C9EC;10/1/2025 12:08;10/1/2025 14:23;134;150;10.99;;APP;;14287;---;---;---
4500659;4500659;2;1143205;A2D6FE57;10/1/2025 11:30;10/1/2025 12:04;34;;3.6;20;APP;;4680;---;---;---
4499681;4499681;1;1131493;47B77ECB;10/1/2025 07:45;10/1/2025 11:45;240;240;25.09;;APP;;32613.1;---;---;---
4499600;4499600;1;1131493;47B77ECB;10/1/2025 07:24;10/1/2025 07:25;0;;0.05;;CARD;;65;1000047146;---;---
4499313;4499313;1;1131493;47B77ECB;10/1/2025 06:20;10/1/2025 07:21;61;240;6.54;;APP;;8496.8;---;---;---
4499275;4499275;2;1143205;A2D6FE57;10/1/2025 06:13;10/1/2025 10:14;240;;25.25;40;APP;;32828.9;---;---;---
4496182;4496182;2;1156412;81407EED;9/1/2025 10:59;9/1/2025 11:58;59;60;6.02;;APP;;7824.7;---;---;---
4495210;4495210;2;1156412;81407EED;9/1/2025 06:57;9/1/2025 10:57;240;240;24.96;;APP;;32444.1;---;---;---
4492115;4492115;1;1135123;8063448D;8/1/2025 11:09;8/1/2025 12:05;55;55;4.7;;APP;;6110;---;---;---
4490958;4490958;1;1135123;8063448D;8/1/2025 06:46;8/1/2025 10:46;240;240;25.31;60;APP;;32899.1;---;---;---
4488462;4488462;2;1134737;1BF4C9EC;7/1/2025 14:07;7/1/2025 18:08;240;240;25.29;;APP;;32878.3;---;---;---
4486591;4486591;1;1128224;C8FCAD98;7/1/2025 06:07;7/1/2025 10:07;240;240;25.21;;APP;;32773;---;---;---
4486552;4486552;2;1165632;;7/1/2025 05:57;7/1/2025 08:15;137;;13.84;20;APP;;17997.2;89949d8e-9cbb-456d-a1ef-e9beab225b38;;
4475259;4475259;1;1128224;C8FCAD98;3/1/2025 14:27;3/1/2025 15:17;50;50;5.37;;APP;;6981;---;---;---
4475042;4475042;2;1133277;62AAF420;3/1/2025 13:25;3/1/2025 14:55;90;90;4.87;;APP;;6331;---;---;---
4475021;4475021;1;1128224;C8FCAD98;3/1/2025 13:21;3/1/2025 14:21;60;60;6.34;;APP;;8240.7;---;---;---
4473316;4473316;1;1143205;A2D6FE57;3/1/2025 06:57;3/1/2025 10:37;220;;8.89;20;APP;;11551.8;---;---;---
4473308;4473308;2;1149591;07C09540;3/1/2025 06:55;3/1/2025 10:55;240;240;25.33;;APP;;32929;---;---;---
4470925;4470925;2;1131724;1EB318F9;2/1/2025 13:18;2/1/2025 16:18;180;180;6.64;;APP;;8632;---;---;---
4470902;4470902;1;1158250;7B0734A0;2/1/2025 13:13;2/1/2025 13:53;39;45;4.04;;APP;;5246.8;---;---;---
4470250;4470250;2;1156412;81407EED;2/1/2025 10:51;2/1/2025 11:46;54;75;5.59;;APP;;7264.4;---;---;---
4469867;4469867;1;1158250;7B0734A0;2/1/2025 09:13;2/1/2025 13:12;238;240;24.35;;APP;;31648.5;---;---;---
4469214;4469214;2;1156412;81407EED;2/1/2025 06:44;2/1/2025 10:45;240;240;24.48;;APP;;31818.8;---;---;---
4469193;4469193;1;1140395;17E7BA2C;2/1/2025 06:40;2/1/2025 09:03;143;150;13.3;;APP;;17288.7;---;---;---
4459501;4459501;1;1144127;D7A39F47;30/12/2024 07:41;30/12/2024 11:41;240;240;25.54;;APP;;33198.1;---;---;---
4450424;4450424;1;1149392;83A554E8;27/12/2024 13:42;27/12/2024 16:47;184;;19.45;40;APP;;25283.7;---;---;---
4450388;4450388;2;1133277;62AAF420;27/12/2024 13:33;27/12/2024 15:33;120;120;7.94;;APP;;10322;---;---;---
4450068;4450068;2;1158250;7B0734A0;27/12/2024 12:20;27/12/2024 13:23;62;;3.56;5;APP;;4621.5;---;---;---
4449964;4449964;1;1140395;17E7BA2C;27/12/2024 11:51;27/12/2024 13:06;75;75;6.54;;APP;;8496.8;---;---;---
4449398;4449398;2;1158250;7B0734A0;27/12/2024 09:45;27/12/2024 12:15;150;150;15.02;;APP;;19522.1;---;---;---
4449239;4449239;1;1140395;17E7BA2C;27/12/2024 09:05;27/12/2024 11:50;165;195;16.96;;APP;;22044.1;---;---;---
4448905;4448905;1;1134737;1BF4C9EC;27/12/2024 07:45;27/12/2024 08:45;60;60;4.37;;APP;;5677.1;---;---;---
4448372;4448372;2;1158250;7B0734A0;27/12/2024 05:59;27/12/2024 09:44;225;240;22.54;;APP;;29300.7;---;---;---
4446556;4446556;1;1149591;07C09540;26/12/2024 14:13;26/12/2024 16:45;151;240;15.78;;APP;;20511.4;---;---;---
4446361;4446361;2;1156412;81407EED;26/12/2024 13:13;26/12/2024 17:13;240;240;24.33;;APP;;31634.2;---;---;---
4445744;4445744;1;1131493;47B77ECB;26/12/2024 10:15;26/12/2024 14:11;236;240;23.71;;APP;;30816.5;---;---;---
4445494;4445494;2;1128224;C8FCAD98;26/12/2024 08:42;26/12/2024 12:06;203;;18.42;20;APP;;23943.4;---;---;---
4444941;4444941;1;1131634;D45E7EAF;26/12/2024 06:28;26/12/2024 09:43;194;;13.56;20;APP;;17626.7;---;---;---
4444936;4444936;2;1128224;C8FCAD98;26/12/2024 06:27;26/12/2024 08:13;105;;11.07;40;APP;;14388.4;---;---;---
4435291;4435291;1;1149392;83A554E8;23/12/2024 06:25;23/12/2024 10:27;241;;24.67;40;APP;;32069.7;---;---;---
4426053;4426053;2;1158250;7B0734A0;20/12/2024 14:58;20/12/2024 18:00;182;240;18.78;;APP;;24411.4;---;---;---
4425726;4425726;2;1133277;62AAF420;20/12/2024 13:33;20/12/2024 14:52;79;105;5.5;;APP;;7148.7;---;---;---
4425442;4425442;1;1134737;1BF4C9EC;20/12/2024 12:35;20/12/2024 16:31;236;240;22.48;;APP;;29225.3;---;---;---
4425400;4425400;1;1134737;1BF4C9EC;20/12/2024 12:28;20/12/2024 12:28;0;240;0.04;;APP;;48.1;---;---;---
4425300;4425300;1;1134737;1BF4C9EC;20/12/2024 12:07;20/12/2024 12:14;7;240;0.79;;APP;;1030.9;---;---;---
4424071;4424071;2;1128224;C8FCAD98;20/12/2024 07:39;20/12/2024 11:39;240;240;23.66;;APP;;30754.1;---;---;---
4423849;4423849;1;1149591;07C09540;20/12/2024 06:59;20/12/2024 10:59;240;;24.77;60;APP;;32194.5;---;---;---
4420351;4420351;1;1140395;17E7BA2C;19/12/2024 11:40;19/12/2024 15:24;224;240;22.74;;APP;;29563.3;---;---;---
4420072;4420072;1;1156412;81407EED;19/12/2024 10:55;19/12/2024 11:25;29;50;2.96;;APP;;3851.9;---;---;---
4419584;4419584;2;1131634;D45E7EAF;19/12/2024 09:12;19/12/2024 11:55;163;165;14.91;;APP;;19388.2;---;---;---
4418953;4418953;1;1156412;81407EED;19/12/2024 06:52;19/12/2024 10:52;240;240;24.38;;APP;;31691.4;---;---;---
4418698;4418698;2;1135002;9D45BEFB;19/12/2024 05:55;19/12/2024 07:39;104;120;9.6;;APP;;12485.2;---;---;---
4418672;4418672;2;1135002;9D45BEFB;19/12/2024 05:51;19/12/2024 05:53;1;120;0.1;;APP;;0;---;;
4415019;4415019;2;1128224;C8FCAD98;18/12/2024 09:01;18/12/2024 11:56;175;180;18.11;;APP;;23541.7;---;---;---
4414332;4414332;1;1135123;8063448D;18/12/2024 06:31;18/12/2024 10:31;240;240;21.38;;APP;;27788.8;---;---;---
4414153;4414153;2;1144127;D7A39F47;18/12/2024 05:52;18/12/2024 08:59;186;;19.29;20;APP;;25070.5;---;---;---
4411596;4411596;2;1131395;2761BFA0;17/12/2024 12:34;17/12/2024 16:35;240;240;10.48;;APP;;13617.5;---;---;---
4411523;4411523;1;1135123;8063448D;17/12/2024 12:22;17/12/2024 13:25;63;240;6.63;;APP;;8613.8;---;---;---
4410205;4410205;2;1135002;9D45BEFB;17/12/2024 07:53;17/12/2024 11:46;233;240;23.15;;APP;;30089.8;---;---;---
4407343;4407343;1;1131634;D45E7EAF;16/12/2024 13:24;16/12/2024 16:04;159;;9.19;10;APP;;11941.8;---;---;---
4407271;4407271;2;1128018;C3E6C920;16/12/2024 13:08;16/12/2024 16:47;219;240;21.48;;APP;;27926.6;---;;
4406492;4406492;1;1144127;D7A39F47;16/12/2024 10:09;16/12/2024 12:51;162;180;16.86;;APP;;21920.6;---;---;---
4406087;4406087;1;1131634;D45E7EAF;16/12/2024 08:39;16/12/2024 08:48;9;;0.95;20;APP;;1233.7;---;---;---
4405962;4405962;1;1131634;D45E7EAF;16/12/2024 08:10;16/12/2024 08:32;22;;1.71;20;APP;;2216.5;---;---;---
4405922;4405922;1;1131634;D45E7EAF;16/12/2024 08:02;16/12/2024 08:09;7;165;0;;APP;;0;---;;
4405910;4405910;1;1131634;D45E7EAF;16/12/2024 07:59;16/12/2024 08:01;2;;0;20;APP;;0;---;;
4405806;4405806;1;1131634;D45E7EAF;16/12/2024 07:33;16/12/2024 07:38;4;240;0.47;;APP;;614.9;---;---;---
4405747;4405747;1;1131634;D45E7EAF;16/12/2024 07:17;16/12/2024 07:25;8;;0.82;;CARD;;2000;1000040305;---;---
4405720;4405720;1;1131634;D45E7EAF;16/12/2024 07:12;16/12/2024 07:16;3;;0.39;;CARD;;501.8;1000040301;---;---
4405717;4405717;1;1131634;D45E7EAF;16/12/2024 07:12;16/12/2024 07:12;0;240;0;;APP;;0;---;;
4405703;4405703;2;1128018;C3E6C920;16/12/2024 07:09;16/12/2024 12:56;346;240;31.2;;APP;;40562.6;---;;
4405632;4405632;1;1131634;D45E7EAF;16/12/2024 06:53;16/12/2024 06:54;0;240;0.09;;APP;;0;---;;
4405613;4405613;1;1128018;C3E6C920;16/12/2024 06:49;16/12/2024 06:52;2;240;0.02;;APP;;0;---;;
4405462;4405462;1;1128018;C3E6C920;16/12/2024 06:11;16/12/2024 06:16;5;;0.48;;CARD;;627.9;1000040283;;
4405461;4405461;1;1128018;C3E6C920;16/12/2024 06:11;16/12/2024 06:11;0;240;0;;APP;;0;---;;
4395142;4395142;1;1128224;C8FCAD98;13/12/2024 14:10;13/12/2024 16:12;121;240;12.75;;APP;;16575;---;---;---
4394738;4394738;2;1144127;D7A39F47;13/12/2024 12:40;13/12/2024 16:26;225;240;19.92;;APP;;25899.9;---;---;---
4394516;4394516;1;1149591;07C09540;13/12/2024 12:02;13/12/2024 14:03;121;120;8.21;;APP;;10670.4;---;---;---
4393198;4393198;2;1149392;83A554E8;13/12/2024 07:40;13/12/2024 11:10;209;;19.91;40;APP;;25883;---;---;---
4393046;4393046;1;1149591;07C09540;13/12/2024 07:07;13/12/2024 11:08;241;240;25.03;60;APP;;32533.8;---;---;---
4390404;4390404;2;1140395;17E7BA2C;12/12/2024 14:13;12/12/2024 15:32;78;120;7.77;;APP;;10097.1;---;---;---
4390393;4390393;1;1135002;9D45BEFB;12/12/2024 14:10;12/12/2024 16:17;127;180;12.11;;APP;;15746.9;---;---;---
4390386;4390386;2;963471;963F779B;12/12/2024 14:09;12/12/2024 14:09;0;;0.04;;CARD;;49.4;1000039295;4872008145;4875051637
4390383;4390383;1;963471;963F779B;12/12/2024 14:08;12/12/2024 14:09;0;15;0.04;;APP;;54.6;---;4872008145;4875051637
4390375;4390375;1;1135002;9D45BEFB;12/12/2024 14:05;12/12/2024 14:06;0;180;0.04;;APP;;52;---;---;---
4390371;4390371;1;1135002;9D45BEFB;12/12/2024 14:03;12/12/2024 14:04;0;180;0.02;;APP;;20.8;---;---;---
4390367;4390367;1;963471;963F779B;12/12/2024 14:02;12/12/2024 14:02;0;240;0;;APP;;0;---;4872008145;4875051637
4390336;4390336;1;963471;963F779B;12/12/2024 13:53;12/12/2024 13:58;5;240;0.53;;APP;;692.9;---;4872008145;4875051637
4390333;4390333;1;1135002;9D45BEFB;12/12/2024 13:53;12/12/2024 13:53;0;120;0;;APP;;0;---;;
4390322;4390322;1;1135002;9D45BEFB;12/12/2024 13:50;12/12/2024 13:50;0;;0;20;APP;;0;---;;
4390315;4390315;1;963471;963F779B;12/12/2024 13:48;12/12/2024 13:49;0;;0.03;20;APP;;41.6;---;4872008145;4875051637
4390206;4390206;1;1135002;9D45BEFB;12/12/2024 13:18;12/12/2024 13:18;0;180;0;;APP;;0;---;;
4389675;4389675;1;1135002;9D45BEFB;12/12/2024 11:11;12/12/2024 11:13;1;180;0.09;;APP;;115.7;---;---;---
4389396;4389396;2;1140395;17E7BA2C;12/12/2024 10:07;12/12/2024 14:08;240;240;25.06;;APP;;32581.9;---;---;---
4388438;4388438;1;1135002;9D45BEFB;12/12/2024 07:03;12/12/2024 10:45;221;240;22.72;;APP;;29536;---;---;---
4388400;4388400;2;1156412;81407EED;12/12/2024 07:01;12/12/2024 10:03;181;240;18.16;;APP;;23601.5;---;---;---
4388365;4388365;1;1135002;9D45BEFB;12/12/2024 06:59;12/12/2024 06:59;0;240;0;;APP;;0;---;;
4385751;4385751;2;1131493;47B77ECB;11/12/2024 13:00;11/12/2024 16:27;207;240;20.51;;APP;;26660.4;---;---;---
4385701;4385701;1;1135123;8063448D;11/12/2024 12:48;11/12/2024 17:07;259;240;26.99;;APP;;35088.3;---;---;---
4384796;4384796;1;1156412;81407EED;11/12/2024 09:33;11/12/2024 11:51;138;150;14.04;;APP;;18248.1;---;---;---
4384244;4384244;1;1134737;1BF4C9EC;11/12/2024 07:54;11/12/2024 09:30;95;240;3.53;;APP;;4583.8;---;---;---
4383744;4383744;2;1131634;D45E7EAF;11/12/2024 06:07;11/12/2024 10:07;240;240;25.1;;APP;;32623.5;---;---;---
4383728;4383728;1;1134737;1BF4C9EC;11/12/2024 06:03;11/12/2024 07:32;89;210;9.35;;APP;;12153.7;---;---;---
4381473;4381473;2;1131724;1EB318F9;10/12/2024 13:48;10/12/2024 16:04;136;180;6.3;;APP;;8191.3;---;---;---
4380880;4380880;1;1131395;2761BFA0;10/12/2024 11:32;10/12/2024 13:35;123;120;5.54;;APP;;7200.7;---;---;---
4379882;4379882;2;1149591;07C09540;10/12/2024 07:45;10/12/2024 11:49;243;240;18.78;;APP;;24410.1;---;---;---
4377740;4377740;2;1144127;D7A39F47;9/12/2024 17:35;9/12/2024 20:42;186;240;20.35;;APP;;26452.4;---;---;---
4377729;4377729;1;1158250;7B0734A0;9/12/2024 17:23;9/12/2024 18:28;65;240;6.77;;APP;;8806.2;---;---;---
4377336;4377336;2;1143205;A2D6FE57;9/12/2024 14:08;9/12/2024 16:37;149;;0.82;20;APP;;1071.2;---;---;---
4377231;4377231;1;1158250;7B0734A0;9/12/2024 13:39;9/12/2024 17:21;222;240;23.02;;APP;;29919.5;---;---;---
4376871;4376871;1;1144127;D7A39F47;9/12/2024 12:07;9/12/2024 13:19;71;240;7.05;;APP;;9167.6;---;---;---
4376305;4376305;2;1143205;A2D6FE57;9/12/2024 09:54;9/12/2024 13:55;240;;24.94;40;APP;;32415.5;---;---;---
4375540;4375540;1;1131634;D45E7EAF;9/12/2024 06:52;9/12/2024 10:54;242;240;24.71;;APP;;32117.8;---;---;---
4375392;4375392;2;1128224;C8FCAD98;9/12/2024 06:14;9/12/2024 09:51;216;225;22.23;;APP;;28904.2;---;---;---
4367141;4367141;2;1131493;47B77ECB;6/12/2024 14:58;6/12/2024 17:32;153;180;16.44;;APP;;21374.6;---;---;---
4366656;4366656;2;1135123;8063448D;6/12/2024 12:34;6/12/2024 14:35;120;120;12.68;;APP;;16477.5;---;---;---
4365633;4365633;2;1134737;1BF4C9EC;6/12/2024 07:51;6/12/2024 11:52;241;240;25.33;;APP;;32926.4;---;---;---
4365523;4365523;2;1128224;C8FCAD98;6/12/2024 07:24;6/12/2024 07:41;16;15;1.67;;APP;;2173.6;---;---;---
4365273;4365273;2;1128224;C8FCAD98;6/12/2024 06:20;6/12/2024 07:21;60;60;6.28;;APP;;8169.2;---;---;---
4365237;4365237;1;1131634;D45E7EAF;6/12/2024 06:12;6/12/2024 10:15;243;240;24.23;;APP;;31493.8;---;---;---
4363188;4363188;2;1149591;07C09540;5/12/2024 13:13;5/12/2024 17:09;235;240;21.86;;APP;;28423.2;---;---;---
4362705;4362705;2;1135002;9D45BEFB;5/12/2024 11:33;5/12/2024 12:04;31;30;3.18;;APP;;4131.4;---;---;---
4362411;4362411;1;1149392;83A554E8;5/12/2024 10:23;5/12/2024 11:38;74;;7.3;40;APP;;9492.6;---;---;---
4362170;4362170;1;1149392;83A554E8;5/12/2024 09:38;5/12/2024 09:43;5;240;0.53;;APP;;683.8;---;---;---
4361585;4361585;2;1135002;9D45BEFB;5/12/2024 07:29;5/12/2024 11:31;241;240;24.96;;APP;;32448;---;---;---
4361531;4361531;1;1131634;D45E7EAF;5/12/2024 07:21;5/12/2024 09:23;121;120;12.69;;APP;;16499.6;---;---;---
4358777;4358777;1;1156412;81407EED;4/12/2024 13:17;5/12/2024 06:52;1054;225;10.74;;APP;;13963.3;---;---;---
4358375;4358375;2;1135123;8063448D;4/12/2024 11:46;5/12/2024 06:52;1145;240;20.91;;APP;;27188.2;---;---;---
4358010;4358010;1;1128224;C8FCAD98;4/12/2024 10:30;4/12/2024 12:00;90;90;8.67;;APP;;11264.5;---;---;---
4356974;4356974;1;1128224;C8FCAD98;4/12/2024 06:35;4/12/2024 09:40;184;240;19.45;;APP;;25286.3;---;---;---
4354014;4354014;2;1149591;07C09540;3/12/2024 11:18;3/12/2024 15:19;241;;22.75;60;APP;;29571.1;---;---;---
4353010;4353010;1;1131724;1EB318F9;3/12/2024 07:26;3/12/2024 09:07;100;180;5.03;5;APP;;6542.9;---;---;---
4353002;4353002;1;1131724;1EB318F9;3/12/2024 07:24;3/12/2024 07:24;0;180;0;5;APP;;0;---;;
4352788;4352788;2;1144127;D7A39F47;3/12/2024 06:30;3/12/2024 10:33;242;240;22.38;;APP;;29095.3;---;---;---
4350354;4350354;2;1143205;A2D6FE57;2/12/2024 13:06;2/12/2024 16:29;203;;5.85;15;APP;;7606.3;---;---;---
4350265;4350265;1;1128224;C8FCAD98;2/12/2024 12:47;2/12/2024 16:07;200;240;21.03;;APP;;27339;---;---;---
4349945;4349945;1;1128224;C8FCAD98;2/12/2024 11:27;2/12/2024 12:08;41;;4.36;40;APP;;5666.7;---;---;---
4349429;4349429;1;1131634;D45E7EAF;2/12/2024 09:28;2/12/2024 11:18;109;150;11.37;;APP;;14781;---;---;---
4349314;4349314;1;1131634;D45E7EAF;2/12/2024 09:05;2/12/2024 09:18;13;;1.36;15;APP;;1762.8;---;---;---
4349137;4349137;1;1131634;D45E7EAF;2/12/2024 08:22;2/12/2024 08:22;0;;0;20;APP;;0;---;;
4349090;4349090;1;1131634;D45E7EAF;2/12/2024 08:10;2/12/2024 08:10;0;;0;15;APP;;0;---;;
4348746;4348746;2;1143205;A2D6FE57;2/12/2024 06:50;2/12/2024 10:52;241;;25.11;40;APP;;32640.4;---;---;---
4348557;4348557;1;1131634;D45E7EAF;2/12/2024 06:00;2/12/2024 08:04;123;;13.02;40;APP;;16926;---;---;---
4343112;4343112;2;1128018;C3E6C920;30/11/2024 14:10;30/11/2024 16:07;117;240;10.92;;APP;;14193.4;---;;
4342170;4342170;2;1128018;C3E6C920;30/11/2024 10:06;30/11/2024 14:07;241;240;23.71;;APP;;30819.1;---;;
4341213;4341213;2;1128018;C3E6C920;30/11/2024 06:01;30/11/2024 10:01;240;240;24.11;;APP;;31345.6;---;;
4338784;4338784;2;1128224;C8FCAD98;29/11/2024 12:12;29/11/2024 16:12;240;240;25.24;;APP;;32808.1;---;---;---
4338425;4338425;1;1135123;8063448D;29/11/2024 10:56;29/11/2024 12:19;82;90;8.62;;APP;;11208.6;---;---;---
4338380;4338380;2;1131493;47B77ECB;29/11/2024 10:48;29/11/2024 11:46;58;60;4.88;;APP;;6346.6;---;---;---
4338286;4338286;2;1131493;47B77ECB;29/11/2024 10:29;29/11/2024 10:29;0;;0.03;;CARD;;0;1000036228;;
4338273;4338273;2;1131493;47B77ECB;29/11/2024 10:26;29/11/2024 10:27;0;;0.07;;CARD;;0;1000036227;;
4338256;4338256;2;1131493;47B77ECB;29/11/2024 10:23;29/11/2024 10:23;0;;0.04;;CARD;;0;1000036226;;
4338240;4338240;2;1131493;47B77ECB;29/11/2024 10:20;29/11/2024 10:21;0;;0.08;;CARD;;0;1000036225;;
4337090;4337090;2;1131493;47B77ECB;29/11/2024 06:18;29/11/2024 10:19;240;;25.61;40;APP;;33294.3;---;---;---
4335098;4335098;1;1131395;2761BFA0;28/11/2024 16:42;28/11/2024 17:23;40;40;1.93;;APP;;2511.6;---;---;---
4334052;4334052;2;963471;963F779B;28/11/2024 12:03;28/11/2024 13:02;59;;6.17;60;APP;;8021;---;4872008145;4875051637
4334003;4334003;1;1135002;9D45BEFB;28/11/2024 11:52;28/11/2024 13:57;125;180;12.14;;APP;;15783.3;---;---;---
4333994;4333994;1;1135002;9D45BEFB;28/11/2024 11:50;28/11/2024 11:50;0;180;0;;APP;;0;---;;
4333972;4333972;2;963471;963F779B;28/11/2024 11:47;28/11/2024 12:02;14;240;1.5;60;APP;;2000;---;4872008145;4875051637
4333879;4333879;1;1135002;9D45BEFB;28/11/2024 11:29;28/11/2024 11:34;5;150;0.52;;APP;;2000;---;---;---
4333862;4333862;2;963471;963F779B;28/11/2024 11:25;28/11/2024 11:41;16;240;1.67;;APP;;2173.6;---;4872008145;4875051637
4333815;4333815;1;1135002;9D45BEFB;28/11/2024 11:15;28/11/2024 11:27;11;90;1.21;;APP;;2000;---;---;---
4333175;4333175;1;1135002;9D45BEFB;28/11/2024 08:49;28/11/2024 10:35;106;240;10.77;;APP;;14006.2;---;---;---
4332957;4332957;1;1135002;9D45BEFB;28/11/2024 08:07;28/11/2024 08:31;24;240;2.33;;APP;;3026.4;---;---;---
4332545;4332545;2;1144127;D7A39F47;28/11/2024 06:35;28/11/2024 10:36;240;;24.87;60;APP;;32597.87;---;---;---
4329791;4329791;1;1135123;8063448D;27/11/2024 13:04;27/11/2024 16:34;210;210;22.1;;APP;;28728.7;---;---;---
4329287;4329287;2;1134737;1BF4C9EC;27/11/2024 11:14;27/11/2024 15:15;240;240;25.46;;APP;;33095.4;---;---;---
4328402;4328402;1;1131634;D45E7EAF;27/11/2024 07:55;27/11/2024 11:21;206;;15.75;20;APP;;20537.93;---;---;---
4328132;4328132;2;1149591;07C09540;27/11/2024 06:58;27/11/2024 10:59;240;240;25.23;;APP;;32793.8;---;---;---
4327959;4327959;1;1131634;D45E7EAF;27/11/2024 06:15;27/11/2024 06:16;0;;0.04;20;APP;;0;---;;
4326075;4326075;2;1131724;1EB318F9;26/11/2024 15:49;26/11/2024 17:20;91;90;4.73;;APP;;6277.7;---;---;---
4325814;4325814;2;1133277;62AAF420;26/11/2024 14:08;26/11/2024 15:11;63;90;5.47;;APP;;7112.3;---;---;---
4325421;4325421;1;1131395;2761BFA0;26/11/2024 12:32;26/11/2024 16:07;215;240;16.42;;APP;;21710.4;---;---;---
4324779;4324779;2;1128018;C3E6C920;26/11/2024 10:07;26/11/2024 12:08;120;120;6.97;;APP;;10125.83;---;;
4324181;4324181;1;1149392;83A554E8;26/11/2024 07:38;26/11/2024 11:38;240;240;23.81;40;APP;;31251.9;---;---;---
4323751;4323751;2;1128018;C3E6C920;26/11/2024 06:02;26/11/2024 10:03;240;240;24.98;;APP;;32468.8;---;;
4321666;4321666;1;1128224;C8FCAD98;25/11/2024 13:52;25/11/2024 16:03;131;180;14.13;;APP;;18367.7;---;---;---
4321571;4321571;2;1133277;62AAF420;25/11/2024 13:31;25/11/2024 14:31;60;60;3.47;;APP;;4652.83;---;---;---
4321482;4321482;1;1128224;C8FCAD98;25/11/2024 13:06;25/11/2024 13:50;44;165;4.74;;APP;;6155.5;---;---;---
4319891;4319891;2;1143205;A2D6FE57;25/11/2024 06:59;25/11/2024 11:00;240;;24.07;40;APP;;32312.87;---;---;---
4319705;4319705;1;1144127;D7A39F47;25/11/2024 06:16;25/11/2024 10:17;241;;25.19;60;APP;;34144.17;---;---;---
4314251;4314251;1;1135123;8063448D;23/11/2024 14:19;23/11/2024 15:07;47;;5.04;5;APP;;7276.6;---;---;---
4310369;4310369;1;1128224;C8FCAD98;22/11/2024 14:02;22/11/2024 15:42;100;;4.8;10;APP;;6727.87;---;---;---
4310184;4310184;2;1133277;62AAF420;22/11/2024 13:21;22/11/2024 14:01;40;40;2.4;;APP;;3130.8;---;---;---
4309178;4309178;1;1131634;D45E7EAF;22/11/2024 09:45;22/11/2024 12:53;187;;19.79;20;APP;;25720.5;---;---;---
4308274;4308274;2;1128224;C8FCAD98;22/11/2024 06:30;22/11/2024 10:26;236;240;24.94;;APP;;32418.1;---;---;---
4305864;4305864;1;963471;963F779B;21/11/2024 13:50;21/11/2024 17:00;190;;20.14;20;APP;;26505.5;---;4872008145;4875051637
4304504;4304504;2;1135002;9D45BEFB;21/11/2024 09:01;21/11/2024 12:13;192;240;15.03;;APP;;19825.97;---;---;---
4303621;4303621;1;1135002;9D45BEFB;21/11/2024 05:30;21/11/2024 08:27;176;240;18.84;;APP;;24489.4;---;---;---
4300744;4300744;1;1135123;8063448D;20/11/2024 11:04;20/11/2024 15:05;240;240;25.82;;APP;;34035.93;---;---;---
4300729;4300729;1;1135123;8063448D;20/11/2024 11:01;20/11/2024 11:01;0;240;0;;APP;;0;---;;
4299473;4299473;2;1131634;D45E7EAF;20/11/2024 06:17;20/11/2024 09:26;188;;20.18;20;APP;;26488.63;---;---;---
4297207;4297207;2;1140395;17E7BA2C;19/11/2024 13:44;19/11/2024 16:45;180;240;17.35;;APP;;22619.1;---;---;---
4296848;4296848;2;1135002;9D45BEFB;19/11/2024 12:25;19/11/2024 13:40;75;120;7.72;;APP;;10041.2;---;---;---
4296363;4296363;1;1128018;C3E6C920;19/11/2024 10:39;19/11/2024 13:06;147;240;14.99;;APP;;19489.6;---;;
4296164;4296164;2;1140395;17E7BA2C;19/11/2024 09:54;19/11/2024 11:52;118;240;12.12;;APP;;15757.3;---;---;---
4296150;4296150;1;1135002;9D45BEFB;19/11/2024 09:51;19/11/2024 10:33;42;240;4.23;;APP;;5493.8;---;---;---
4296141;4296141;1;1135002;9D45BEFB;19/11/2024 09:48;19/11/2024 09:49;1;240;0.14;;APP;;0;---;;
4295164;4295164;1;958231;52FC1964;19/11/2024 05:58;19/11/2024 05:59;1;;0.13;;CARD;;0;1000033872;;
4295105;4295105;2;1135002;9D45BEFB;19/11/2024 05:45;19/11/2024 09:46;241;240;25.62;;APP;;33303.4;---;---;---
4292404;4292404;2;1134737;1BF4C9EC;18/11/2024 11:35;18/11/2024 15:35;240;240;25.44;;APP;;33198.27;---;---;---
4292377;4292377;2;1134737;1BF4C9EC;18/11/2024 11:29;18/11/2024 11:32;2;240;0.29;;APP;;0;---;;
4292028;4292028;1;1128224;C8FCAD98;18/11/2024 10:12;18/11/2024 10:43;31;30;3.21;;APP;;4169.1;---;---;---
4291374;4291374;2;1143205;A2D6FE57;18/11/2024 07:46;18/11/2024 10:49;182;;17.56;20;APP;;22829.3;---;---;---
4291348;4291348;2;1143205;A2D6FE57;18/11/2024 07:42;18/11/2024 07:43;1;;0.15;20;APP;;188.5;---;---;---
4290918;4290918;1;1128224;C8FCAD98;18/11/2024 06:01;18/11/2024 10:02;240;240;25.28;;APP;;32861.4;---;---;---
4283769;4283769;1;1131634;D45E7EAF;16/11/2024 06:26;16/11/2024 11:02;276;;24.79;40;APP;;32454.7;---;---;---
4283760;4283760;1;1131634;D45E7EAF;16/11/2024 06:23;16/11/2024 06:23;0;;0;40;APP;;0;---;;
4283715;4283715;2;958231;52FC1964;16/11/2024 06:13;16/11/2024 15:59;586;;23.37;;CARD;;33571.87;1000033305;---;---
4282135;4282135;1;1128224;C8FCAD98;15/11/2024 15:33;15/11/2024 15:58;25;60;2.66;;APP;;3459.3;---;---;---
4281859;4281859;1;1128224;C8FCAD98;15/11/2024 14:05;15/11/2024 14:11;6;60;0.69;;APP;;895.7;---;;
4281784;4281784;2;1133277;62AAF420;15/11/2024 13:43;15/11/2024 17:33;229;20;2.18;;APP;;4719.07;---;---;---
4281003;4281003;1;1133277;62AAF420;15/11/2024 10:54;15/11/2024 12:24;89;75;8.45;;APP;;10982.4;---;---;---
4279864;4279864;2;1135123;8063448D;15/11/2024 06:41;15/11/2024 08:42;120;120;10.02;;APP;;13024.7;---;---;---
4279729;4279729;1;1131493;47B77ECB;15/11/2024 06:14;15/11/2024 10:09;234;;24.23;40;APP;;31499;---;---;---
4277295;4277295;1;1144127;D7A39F47;14/11/2024 13:37;14/11/2024 15:28;111;120;11.67;;APP;;0;---;;
4275230;4275230;2;1135002;9D45BEFB;14/11/2024 06:01;14/11/2024 10:01;240;240;25.12;;APP;;0;---;;
4272315;4272315;1;958231;52FC1964;13/11/2024 10:53;13/11/2024 14:53;240;;23.6;;CARD;;0;---;;
4271620;4271620;1;1128224;C8FCAD98;13/11/2024 07:51;13/11/2024 08:52;61;60;6.25;;APP;;0;---;;
4271608;4271608;1;963471;963F779B;13/11/2024 07:48;13/11/2024 07:49;0;120;0;;APP;;0;---;4872008145;4875051637
4271597;4271597;1;963471;963F779B;13/11/2024 07:46;13/11/2024 07:46;0;120;0;;APP;;0;---;4872008145;4875051637
4271575;4271575;2;1131634;D45E7EAF;13/11/2024 07:40;13/11/2024 10:47;187;;19.44;40;APP;;0;---;;
4271230;4271230;2;1131634;D45E7EAF;13/11/2024 06:09;13/11/2024 07:37;88;;9.57;40;APP;;0;---;;
4271217;4271217;1;1128224;C8FCAD98;13/11/2024 06:06;13/11/2024 06:07;0;120;0.03;;APP;;0;---;;
4269171;4269171;2;1135123;8063448D;12/11/2024 13:30;12/11/2024 17:34;244;180;25.42;;APP;;0;---;;
4269156;4269156;2;958228;9E4D5697;12/11/2024 13:26;12/11/2024 13:26;0;5;0.06;;APP;;0;---;;
4268317;4268317;1;963471;963F779B;12/11/2024 09:57;12/11/2024 09:58;0;15;0.03;;APP;;0;---;4872008145;4875051637
4267589;4267589;1;1131395;2761BFA0;12/11/2024 06:40;12/11/2024 07:49;69;240;7.19;;APP;;0;---;;
4254512;4254512;1;1128224;C8FCAD98;8/11/2024 14:27;8/11/2024 15:28;61;60;1.69;;APP;;0;---;;
4254456;4254456;1;1128224;C8FCAD98;8/11/2024 14:14;8/11/2024 14:25;11;120;1.05;;APP;;0;---;;
4254342;4254342;2;1140395;3461ADCF;8/11/2024 13:50;8/11/2024 17:39;228;240;22.65;;APP;;0;---;;
4254321;4254321;2;1140395;3461ADCF;8/11/2024 13:44;8/11/2024 13:46;1;5;0.13;;APP;;0;---;;
4253487;4253487;1;1128224;C8FCAD98;8/11/2024 10:35;8/11/2024 12:36;120;120;12.66;;APP;;0;---;;
4252418;4252418;2;1135123;8063448D;8/11/2024 06:36;8/11/2024 10:37;240;240;25.28;;APP;;0;---;;
4252273;4252273;1;1133277;62AAF420;8/11/2024 06:07;8/11/2024 08:08;120;120;7.87;;APP;;0;---;;
4248906;4248906;1;1131634;D45E7EAF;7/11/2024 09:46;7/11/2024 10:28;41;;4.32;5;APP;;0;---;;
4247865;4247865;1;1131634;D45E7EAF;7/11/2024 06:00;7/11/2024 09:13;192;;20.11;20;APP;;0;---;;
4242676;4242676;2;1128224;C8FCAD98;6/11/2024 06:30;6/11/2024 11:56;326;240;33.9;;APP;;0;---;;
4242548;4242548;1;1134737;1BF4C9EC;6/11/2024 05:56;6/11/2024 13:05;429;240;19.54;;APP;;0;---;;
4240832;4240832;2;1133277;62AAF420;5/11/2024 14:54;5/11/2024 14:58;4;10;0.34;;APP;;0;---;;
4239818;4239818;2;1135002;B3C731F2;5/11/2024 10:17;5/11/2024 14:27;250;180;11.08;;APP;;0;---;;
4239219;4239219;1;1131395;7F1CCAF2;5/11/2024 07:55;5/11/2024 11:56;240;240;23.97;;APP;;0;---;;
4238777;4238777;2;1135002;B3C731F2;5/11/2024 05:53;5/11/2024 09:54;240;240;24.81;;APP;;0;---;;
4229766;4229766;1;1128018;C3E6C920;2/11/2024 10:59;2/11/2024 15:00;240;240;23.64;;APP;;0;---;;
4229696;4229696;2;1131634;D45E7EAF;2/11/2024 10:35;2/11/2024 12:06;91;;9.56;10;APP;;0;---;;
4229695;4229695;1;958231;52FC1964;2/11/2024 10:34;2/11/2024 10:53;18;;1.82;;CARD;;0;---;;
4228889;4228889;1;1131634;D45E7EAF;2/11/2024 06:45;2/11/2024 10:33;227;;23.9;40;APP;;0;---;;
4228760;4228760;2;958231;52FC1964;2/11/2024 06:14;2/11/2024 10:14;240;;23.45;;CARD;;0;---;;
4228753;4228753;2;958231;52FC1964;2/11/2024 06:13;2/11/2024 06:13;0;;0;;CARD;;0;---;;
4227362;4227362;2;1131493;47B77ECB;1/11/2024 16:59;1/11/2024 17:01;2;;0.15;;CARD;;0;---;;
4226961;4226961;2;1131493;47B77ECB;1/11/2024 13:49;1/11/2024 16:58;189;;20.16;20;APP;;0;---;;
4225503;4225503;2;1135123;8063448D;1/11/2024 06:48;1/11/2024 10:34;225;240;22.51;;APP;;0;---;;
4223881;4223881;1;1131724;1EB318F9;31/10/2024 15:22;31/10/2024 17:52;150;150;7.04;;APP;;0;---;;
4218740;4218740;2;1134737;1BF4C9EC;30/10/2024 11:02;30/10/2024 12:17;75;75;7.91;;APP;;0;---;;
4218732;4218732;1;963471;963F779B;30/10/2024 11:00;30/10/2024 11:00;0;;0;;CARD;;0;---;4872008145;4875051637
4218726;4218726;1;963471;963F779B;30/10/2024 11:00;30/10/2024 11:00;0;75;0.01;;APP;;0;---;4872008145;4875051637
4218638;4218638;1;1134737;1BF4C9EC;30/10/2024 10:39;30/10/2024 10:43;3;10;0.34;;APP;;0;---;;
4215694;4215694;2;1133277;62AAF420;29/10/2024 15:08;29/10/2024 16:08;60;60;0;;APP;;0;---;;
4215450;4215450;2;1133277;62AAF420;29/10/2024 13:51;29/10/2024 15:07;75;105;6.86;;APP;;0;---;;
4215401;4215401;2;1135123;8063448D;29/10/2024 13:31;29/10/2024 13:36;5;5;0.58;;APP;;0;---;;
4215338;4215338;2;1135123;8063448D;29/10/2024 13:15;29/10/2024 13:21;5;5;0.46;;APP;;0;---;;
4215042;4215042;1;1135002;B3C731F2;29/10/2024 12:09;29/10/2024 16:09;240;240;18.06;;APP;;0;---;;
4214535;4214535;1;1135002;B3C731F2;29/10/2024 10:08;29/10/2024 11:50;101;240;10.61;;APP;;0;---;;
4214037;4214037;1;958228;9E4D5697;29/10/2024 08:17;29/10/2024 08:23;5;240;0.55;;APP;;0;---;;
4213939;4213939;2;1131395;7F1CCAF2;29/10/2024 07:50;29/10/2024 09:51;120;120;5.66;;APP;;0;---;;
4213912;4213912;1;963471;963F779B;29/10/2024 07:45;29/10/2024 08:08;23;240;2.42;;APP;;0;---;4872008145;4875051637
4211350;4211350;2;958231;52FC1964;28/10/2024 13:26;28/10/2024 17:28;241;;25.23;;CARD;;0;---;;
4211197;4211197;1;41841;;28/10/2024 12:49;28/10/2024 12:52;3;;0.33;;OTHER;;425.1;---;;
4210841;4210841;2;1133277;62AAF420;28/10/2024 11:25;28/10/2024 11:55;30;30;2.84;;APP;;0;---;;
4210803;4210803;2;1133277;62AAF420;28/10/2024 11:16;28/10/2024 11:20;4;45;0.33;;APP;;0;---;;
4209552;4209552;2;1131634;D45E7EAF;28/10/2024 06:16;28/10/2024 10:18;242;;25.05;40;APP;;0;---;;
4200936;4200936;1;1100983;04377E8A317780;25/10/2024 13:05;25/10/2024 15:10;124;;6.37;;CARD;;0;---;;
4199898;4199898;2;1128224;C8FCAD98;25/10/2024 09:18;25/10/2024 17:37;499;;23.17;40;APP;;0;---;;
4197053;4197053;2;1128224;C8FCAD98;24/10/2024 16:01;24/10/2024 16:11;9;10;0.06;;APP;;0;---;;
4196536;4196536;2;1128224;C8FCAD98;24/10/2024 12:44;24/10/2024 14:21;96;;10.18;10;APP;;0;---;;
4192457;4192457;2;1131634;F75D56A2;23/10/2024 14:48;23/10/2024 16:06;77;;6.14;10;APP;;0;---;;
4192438;4192438;2;1131634;F75D56A2;23/10/2024 14:42;23/10/2024 14:43;0;5;0.08;;APP;;0;---;;
4191703;4191703;2;1131493;47B77ECB;23/10/2024 11:22;23/10/2024 14:36;193;;20.29;20;APP;;0;---;;
4191673;4191673;2;1131493;47B77ECB;23/10/2024 11:16;23/10/2024 11:17;1;;0.14;;CARD;;0;---;;
4191661;4191661;2;1131493;47B77ECB;23/10/2024 11:13;23/10/2024 11:14;1;5;0.14;;APP;;0;---;;
4190552;4190552;1;958231;52FC1964;23/10/2024 06:42;23/10/2024 12:44;362;;34.41;;OTHER;;44729.1;---;;
4190538;4190538;2;958231;52FC1964;23/10/2024 06:39;23/10/2024 06:40;0;;0.01;;OTHER;;6.5;---;;
4190388;4190388;1;958231;52FC1964;23/10/2024 06:08;23/10/2024 06:39;31;;3.1;;OTHER;;4032.6;---;;
4186755;4186755;2;958228;4210747D;22/10/2024 09:22;22/10/2024 15:58;395;;41.42;;OTHER;;53844.7;---;;
4183388;4183388;2;958226;041E6A8A317780;21/10/2024 12:48;21/10/2024 17:11;263;;28.54;;CARD;;0;---;;
4181830;4181830;1;1100983;0455068A317780;21/10/2024 06:48;21/10/2024 12:59;371;;19.19;;CARD;;0;---;;
4181684;4181684;2;958219;0471488A317780;21/10/2024 06:12;21/10/2024 11:50;337;;34.81;;CARD;;0;---;;
4170426;4170426;1;958219;0471488A317780;18/10/2024 06:22;18/10/2024 10:28;245;;25.13;;CARD;;0;---;;
4161809;4161809;2;958219;0471488A317780;16/10/2024 06:12;16/10/2024 10:11;239;;25.02;;CARD;;0;---;;
4144986;4144986;1;958219;0471488A317780;11/10/2024 13:33;11/10/2024 16:06;153;;9.45;;CARD;;0;---;;
4143952;4143952;1;958219;0471488A317780;11/10/2024 09:39;11/10/2024 11:38;119;;12.32;;CARD;;0;---;;
4143132;4143132;1;958219;0471488A317780;11/10/2024 06:34;11/10/2024 06:34;0;;0.01;;CARD;;0;---;;
4134909;4134909;2;1100983;0455068A317780;9/10/2024 06:47;9/10/2024 11:28;281;;28.91;;CARD;;0;---;;
4132698;4132698;1;958231;52FC1964;8/10/2024 14:14;8/10/2024 16:04;110;;10.81;;OTHER;;14058.2;---;;
4132691;4132691;2;963471;963F779B;8/10/2024 14:11;8/10/2024 16:48;156;;0;100;APP;;0;---;4872008145;4875051637
4131687;4131687;2;958219;0471488A317780;8/10/2024 09:47;8/10/2024 12:02;135;;6.03;;CARD;;0;---;;
4131683;4131683;1;958219;0471488A317780;8/10/2024 09:45;8/10/2024 09:46;0;;0;;CARD;;0;---;;
4128700;4128700;1;958219;0471488A317780;7/10/2024 13:22;7/10/2024 16:15;172;;10.22;;CARD;;0;---;;
4127416;4127416;2;963471;963F779B;7/10/2024 07:55;7/10/2024 11:47;231;;24.02;60;APP;;0;---;4872008145;4875051637
4116586;4116586;1;958219;0471488A317780;4/10/2024 06:22;4/10/2024 07:40;77;;8.09;;CARD;;0;---;;
4114581;4114581;1;1100983;04611652CA5E80;3/10/2024 16:53;3/10/2024 20:59;245;;8.11;;CARD;;0;---;;
4113015;4113015;2;958228;4210747D;3/10/2024 08:51;3/10/2024 16:00;429;;39.64;;OTHER;;51529.4;---;;
4109786;4109786;2;958226;041E6A8A317780;2/10/2024 11:43;2/10/2024 16:44;301;;15.36;;CARD;;0;---;;
4106077;4106077;1;1100983;04611652CA5E80;1/10/2024 13:19;1/10/2024 14:55;95;;9.17;;CARD;;0;---;;
4105656;4105656;2;958231;52FC1964;1/10/2024 11:51;1/10/2024 15:59;248;;23.44;;OTHER;;30468.1;---;;
4104274;4104274;1;981796;E2541124;1/10/2024 06:59;1/10/2024 12:13;314;;10.61;;OTHER;;13789.1;---;;
4102132;4102132;1;1100983;04611652CA5E80;30/9/2024 15:17;30/9/2024 17:21;124;;6.9;;CARD;;0;---;;
4101958;4101958;1;1100983;04611652CA5E80;30/9/2024 13:54;30/9/2024 15:10;76;;6.08;;CARD;;0;---;;
4101611;4101611;1;958226;041E6A8A317780;30/9/2024 12:12;30/9/2024 13:10;57;;5.98;;CARD;;0;---;;
4100161;4100161;2;958219;0471488A317780;30/9/2024 06:16;30/9/2024 11:58;342;;36.24;;CARD;;0;---;;
4091369;4091369;1;1100983;04611652CA5E80;27/9/2024 13:31;27/9/2024 16:34;183;;3.51;;CARD;;0;---;;
4090787;4090787;2;963471;963F779B;27/9/2024 11:12;27/9/2024 13:01;108;;7.57;60;APP;;0;---;4872008145;4875051637
4090627;4090627;1;1100983;04611652CA5E80;27/9/2024 10:47;27/9/2024 11:56;69;;7.57;;CARD;;0;---;;
4090597;4090597;2;958219;0471488A317780;27/9/2024 10:39;27/9/2024 10:45;5;;0.6;;CARD;;0;---;;
4090591;4090591;1;958219;0471488A317780;27/9/2024 10:38;27/9/2024 10:39;0;;0;;CARD;;0;---;;
4089502;4089502;1;958219;0471488A317780;27/9/2024 06:23;27/9/2024 10:36;252;;26.69;;CARD;;0;---;;
4089428;4089428;1;958219;0471488A317780;27/9/2024 06:04;27/9/2024 06:17;12;;1.36;;CARD;;0;---;;
4085237;4085237;2;958228;4210747D;26/9/2024 06:02;26/9/2024 15:50;587;;54.08;;OTHER;;70300.1;---;;
4082181;4082181;2;1100983;0455068A317780;25/9/2024 09:44;25/9/2024 13:29;225;;20.43;;CARD;;0;---;;
4081319;4081319;1;958231;52FC1964;25/9/2024 06:13;25/9/2024 10:41;268;;24.91;;OTHER;;32388.2;---;;
4079381;4079381;1;958231;52FC1964;24/9/2024 14:28;24/9/2024 16:00;92;;8.97;;OTHER;;11666.2;---;;
4075116;4075116;1;958219;0471488A317780;23/9/2024 12:33;23/9/2024 16:46;253;;26.6;;CARD;;0;---;;
4073584;4073584;2;958226;041E6A8A317780;23/9/2024 06:18;23/9/2024 12:49;390;;40.36;;CARD;;0;---;;
4073506;4073506;1;958231;52FC1964;23/9/2024 05:58;23/9/2024 12:00;362;;32.83;;OTHER;;42676.4;---;;
4064212;4064212;2;963471;963F779B;20/9/2024 10:41;20/9/2024 12:41;120;;2.11;80;APP;;0;---;4872008145;4875051637
4064204;4064204;1;958219;0471488A317780;20/9/2024 10:40;20/9/2024 11:22;41;;4.39;;CARD;;0;---;;
4064180;4064180;2;963471;963F779B;20/9/2024 10:35;20/9/2024 10:38;2;55;0.28;40;APP;;0;---;4872008145;4875051637
4064149;4064149;1;963471;5A232A5C;20/9/2024 10:28;20/9/2024 10:29;0;;0.08;;CARD;;0;---;4872008145;4875051637
4063199;4063199;2;1100983;0455068A317780;20/9/2024 06:57;20/9/2024 10:27;209;;22.23;;CARD;;0;---;;
4054930;4054930;2;1100983;046E4A52CA5E80;18/9/2024 06:15;18/9/2024 12:07;352;;30.79;;CARD;;0;---;;
4052753;4052753;2;958226;041E6A8A317780;17/9/2024 13:40;17/9/2024 18:24;283;;29.34;;CARD;;0;---;;
4050939;4050939;2;958228;4210747D;17/9/2024 06:03;17/9/2024 13:36;453;;42.4;;OTHER;;55116.1;---;;
4048595;4048595;2;1100983;046E4A52CA5E80;16/9/2024 13:41;16/9/2024 15:31;110;;11.63;;CARD;;0;---;;
4047755;4047755;1;958231;52FC1964;16/9/2024 10:52;16/9/2024 17:23;390;;38.32;;OTHER;;49812.1;---;;
4047423;4047423;2;958226;041E6A8A317780;16/9/2024 09:50;16/9/2024 12:39;168;;17.7;;CARD;;0;---;;
4022374;4022374;1;958228;4210747D;10/9/2024 06:06;10/9/2024 13:13;427;;37.09;;OTHER;;48215.7;---;;
4020625;4020625;2;958226;041E6A8A317780;9/9/2024 16:44;9/9/2024 17:46;61;;6.44;;CARD;;0;---;;
4018559;4018559;2;958226;041E6A8A317780;9/9/2024 06:17;9/9/2024 07:32;74;;7.97;;CARD;;0;---;;
3996069;3996069;2;958228;4210747D;3/9/2024 06:05;3/9/2024 15:23;558;;52.68;;OTHER;;68481.4;---;;
3994278;3994278;2;963471;963F779B;2/9/2024 15:14;2/9/2024 17:53;159;;3.52;20;APP;;0;---;4872008145;4875051637
3992356;3992356;1;958231;52FC1964;2/9/2024 06:07;2/9/2024 16:18;610;;54.03;;OTHER;;70237.7;---;;
3952218;3952218;1;1030088;04287F8A317780;22/8/2024 07:20;22/8/2024 12:03;282;;6.76;;CARD;;0;---;;
3949682;3949682;2;958226;041E6A8A317780;21/8/2024 13:38;21/8/2024 16:46;187;;19.53;;CARD;;0;---;;
3948239;3948239;2;981796;E2541124;21/8/2024 07:13;21/8/2024 12:32;318;;6.53;;OTHER;;8492.9;---;;
3947988;3947988;1;958231;52FC1964;21/8/2024 06:02;21/8/2024 16:17;615;;49.51;;OTHER;;64356.5;---;;
3944290;3944290;2;958228;4210747D;20/8/2024 05:59;20/8/2024 16:00;601;;53.48;;OTHER;;69525.3;---;;
3925291;3925291;1;981796;E2541124;14/8/2024 12:42;14/8/2024 16:01;198;;5.93;;OTHER;;7711.6;---;;
3924945;3924945;2;1030088;04287F8A317780;14/8/2024 11:17;14/8/2024 11:51;33;;1.56;;CARD;;0;---;;
3924115;3924115;1;1030088;04287F8A317780;14/8/2024 07:22;14/8/2024 11:17;235;;6.93;;CARD;;0;---;;
3920110;3920110;1;981796;E2541124;13/8/2024 06:46;13/8/2024 12:28;341;;10.2;;OTHER;;13257.4;---;;
3916727;3916727;1;958231;52FC1964;12/8/2024 08:49;12/8/2024 16:53;484;;26.54;;OTHER;;34498.1;---;;
3887531;3887531;2;958228;4210747D;8/8/2024 05:56;8/8/2024 14:07;490;;38.12;;OTHER;;49559.9;---;;
3879567;3879567;2;958226;041E6A8A317780;6/8/2024 06:45;6/8/2024 13:11;386;;39.91;;CARD;;0;---;;
3879400;3879400;1;958231;52FC1964;6/8/2024 06:06;6/8/2024 16:40;634;;33.06;;OTHER;;42972.8;---;;
3877365;3877365;2;1030088;04287F8A317780;5/8/2024 14:21;5/8/2024 17:00;159;;7.12;;CARD;;0;---;;
3875424;3875424;1;958231;52FC1964;5/8/2024 06:00;5/8/2024 14:11;491;;47.86;;OTHER;;62215.4;---;;
3860203;3860203;2;958228;4210747D;1/8/2024 06:02;1/8/2024 15:55;592;;47.15;;OTHER;;61296.3;---;;
3852548;3852548;2;958226;041E6A8A317780;30/7/2024 06:35;30/7/2024 15:20;524;;35.3;;CARD;;0;---;;
3831236;3831236;2;958228;4210747D;25/7/2024 06:00;25/7/2024 15:57;596;;52.2;;OTHER;;67862.6;---;;
3824562;3824562;1;958226;041E6A8A317780;23/7/2024 11:23;23/7/2024 16:22;299;;31.59;;CARD;;0;---;;
3823280;3823280;1;958231;52FC1964;23/7/2024 05:57;23/7/2024 11:17;320;;31.31;;OTHER;;40697.8;---;;
3796049;3796049;1;981796;E2541124;16/7/2024 12:33;16/7/2024 16:50;256;;10.49;;OTHER;;13634.4;---;;
3794374;3794374;2;958228;4210747D;16/7/2024 05:59;16/7/2024 14:52;533;;55.93;;OTHER;;72707.7;---;;
3766771;3766771;1;958231;52FC1964;9/7/2024 06:01;9/7/2024 16:42;640;;43.69;;OTHER;;56797;---;;
3747743;3747743;1;958228;4210747D;4/7/2024 05:58;4/7/2024 12:12;373;;36.19;;OTHER;;47052.2;---;;
3744061;3744061;2;981796;E2541124;3/7/2024 07:09;3/7/2024 12:37;328;;8.69;;OTHER;;11298.3;---;;
